ID,lat_mod,lon_mod,area_mod,rivname,locname
1,44.895,141.927,118.9,雄信内川,下雄信内
2,42.849,141.502,118.9,漁川,取水場
3,42.782,142.217,721.7,鵡川,富内
4,42.772,142.146,201.7,穂別川,茂別
5,42.723,142.301,724.4,沙流川,振内
6,42.672,142.184,1181.3,沙流川,荷負
7,43.054,144.298,104.3,仁々志別川,北斗
8,43.041,144.452,21.96,旧釧路川,丹頂橋
9,45.403,141.85,21.96,増幌川,四線橋
10,37.932,140.423,183,摺上川,秋庭
11,38.896,141.269,183,千厩川,千厩（外水）
12,38.896,141.269,183,千厩川,千厩（内水）
13,38.933,141.251,183,磐井川,吸川（内水）
14,38.614,141.139,183,旧迫川,三方江
15,39.662,140.97,183,矢櫃川,西安庭
16,40.535,140.26,183,岩木川,目屋
17,38.456,140.032,183,寒河江川,寒河江ダム
18,35.921,140.452,183,霞ヶ浦,霞ケ浦
19,35.862,140.318,183,根木名川,根木名川
20,36.174,139.058,-9999,神流川,若泉
21,35.837,140.696,-9999,利根川,黒部利根
22,35.921,140.452,-9999,利根川,利根機場外
23,35.921,140.452,-9999,利根川,利根川外
24,35.926,139.938,11.94,利根運河,江川（内）
25,35.823,139.898,-9999,坂川,神明堀（外）
26,35.822,139.893,-9999,坂川,沈砂池
27,35.823,139.898,-9999,坂川,神明堀（内）
28,35.818,139.871,-9999,三郷放水路,三郷（2）
29,35.818,139.885,-9999,三郷放水路,三郷（3）
30,35.799,139.895,-9999,六間川,古ヶ崎（堤内）
31,35.738,139.903,-9999,真間川,根本（内）
32,35.796,139.848,47.25,中川,新大場川水門（外）
33,35.796,139.848,-9999,大場川,新大場川水門（内）
34,35.809,139.823,-9999,綾瀬川,伝右（外）
35,35.751,139.821,-9999,綾瀬川,綾瀬（内）
36,35.75,139.82,-9999,綾瀬川,綾瀬（外）
37,35.809,139.822,-9999,綾瀬川,伝右（内）
38,36.622,139.038,981,利根川,屋形原
39,36.88,139.464,71.97,鬼怒川,湯元
40,36.915,139.521,26.7,馬坂川,馬坂
41,36.874,139.636,275,鬼怒川,松ノ木平
42,36.893,139.649,19.5,稲ヶ沢川,小穴
43,36.944,139.63,83.6,湯西川,一ッ石
44,36.965,139.686,134.9,男鹿川,独鈷沢
45,36.894,139.701,1,鬼怒川,元湯
46,36.849,139.729,662,鬼怒川,原
47,36.802,139.704,662.8,鬼怒川,小佐越
48,36.746,139.757,250.7,大谷川,町谷
49,36.864,139.552,210,鬼怒川,大川筑
50,36.094,139.428,210,通殿川,通殿（内）
51,35.567,138.478,-9999,横川,横川：内
52,35.567,138.478,-9999,横川,横川：外
53,35.606,138.589,-9999,間門川,柏内
54,35.603,138.575,-9999,笛吹川,穏池：外
55,35.606,138.589,-9999,笛吹川,柏外
56,35.603,138.575,-9999,蛭沢川,穏池：内
57,37.825,139.151,-9999,小阿賀野川,七日町
58,35.047,138.916,-9999,放水路,珍野
59,34.508,136.736,19.6,勢田川,防潮水門外
60,34.393,135.861,490,紀の川,上市
64,35.191,135.683,-9999,桂川,井戸（機構）
65,34.583,135.627,-9999,長瀬川,市村（廃止）
66,34.58,135.625,-9999,平野川,青地（廃止）
67,34.89,135.406,127.8,一庫大路次川,畦野（機構）
68,34.584,136.049,-9999,宇陀川,鹿高（機構）
69,34.934,135.423,44,田尻川,国崎（機構）
70,34.618,136.093,-9999,名張川,上名張（機構）
71,34.735,135.968,-9999,布目川,興ヶ原（機構）
72,34.768,135.964,-9999,木津川,有市
74,35.013,135.943,45.3,琵琶湖,西矢倉
75,35.968,136.576,45.3,九頭竜川,富田
76,36.02,136.515,890.2,九頭竜川,下荒井（上）（廃止）
77,35.932,136.561,236.3,真名川,五条方上流（廃止）
78,35.074,134.067,230,加茂川,高野
79,34.989,134.133,490,吉野川,湯郷
80,33.859,133.419,280,銅山川,保土野（廃止）
81,26.796,128.239,12,辺野喜川,下辺野喜
82,44.075,142.74,142,天塩川,茂志利
83,44.109,142.598,399,天塩川,奥士別
84,44.119,142.534,563,天塩川,剣和
85,44.129,142.484,588.6,天塩川,上士別（廃止）
86,44.19,142.415,717,天塩川,九十九橋
87,44.296,142.365,1463,天塩川,西多寄
88,44.361,142.443,1719,天塩川,名寄大橋
89,44.481,142.336,2899,天塩川,美深橋
90,44.593,142.302,3220,天塩川,恩根内
91,44.705,142.267,3506,天塩川,茨内
92,44.809,142.071,4029,天塩川,誉平
93,44.089,142.747,72,似峡川,似峡
94,44.166,142.377,612,剣淵川,士別
95,44.301,142.649,316,名寄川,下川
96,44.319,142.583,620,名寄川,上名寄
97,44.333,142.485,695,名寄川,真勲別
98,44.463,142.365,222,ペンケニウプ川,仁宇布
99,44.319,142.447,-9999,風連別川,北興橋
100,44.898,142.008,4190,天塩川,新問寒別橋
101,44.9,141.967,4235,天塩川,辰根牛
102,44.926,141.879,4685,天塩川,円山
103,44.994,141.814,4839,天塩川,天塩大橋
104,44.892,141.74,5588,天塩川,天塩河口
105,45.011,142.078,92,問寒別川,上問寒別
106,44.959,142.058,203,問寒別川,中問寒別
107,44.918,142.018,257,問寒別川,下問寒別
108,44.886,141.913,103,雄信内川,上雄信内
110,45.004,141.706,596,サロベツ川,音類橋
111,44.987,141.716,634.9,サロベツ川,浜里
112,26.761,128.216,10.7,与那川,与那（廃止）
113,43.85,141.806,49,留萌川,峠下
114,43.856,141.759,166,留萌川,幌糠
115,43.914,141.698,253.3,留萌川,大和田
116,43.937,141.666,260,留萌川,留萌河口
117,26.719,128.177,18.8,比地川,比地（廃止）
118,26.726,128.181,6.5,奥間川,奥間（廃止）
119,43.718,142.133,3558,石狩川,納内
120,43.716,142.046,3630,石狩川,深川橋
121,43.677,141.982,3683,石狩川,妹背牛橋
122,43.636,141.918,5460,石狩川,伏古
123,43.559,141.884,5711,石狩川,橋本町
124,43.503,141.903,8747,石狩川,砂川橋
125,43.433,141.839,8943,石狩川,奈井江大橋
126,43.332,141.691,9306,石狩川,月形
127,43.221,141.666,9405,石狩川,岩見沢大橋
128,43.122,141.542,12697,石狩川,石狩大橋
129,43.167,141.42,14153,石狩川,篠路
130,43.237,141.346,14314,石狩川,石狩
131,43.248,141.357,14314,石狩川,石狩河口
132,43.255,141.369,14315,石狩川,来札
133,44.013,142.151,642,雨竜川,幌加内
134,43.807,142.013,996,雨竜川,多度志
135,43.789,141.928,1156,雨竜川,達布橋
136,43.73,141.914,1425,雨竜川,北竜橋
137,43.674,141.915,1661,雨竜川,旧雨竜橋
138,43.684,141.913,1661,雨竜川,雨竜橋
139,43.166,142.586,377,空知川,幾寅
140,43.364,142.358,1541,空知川,学田
141,43.441,142.281,1662.1,空知川,空知大滝
142,43.56,142.044,2531,空知川,赤平
143,43.548,141.911,2626,空知川,空知大橋
144,43.425,141.863,60,奈井江川,中奈井江
145,43.342,141.82,93,美唄川,美唄
146,43.288,141.714,112,旧美唄川,大豊橋
147,43.251,141.676,144,旧美唄川,第1旧美唄橋
148,43.215,142.056,56,幾春別川,奥桂
149,43.256,141.917,228,幾春別川,藤松
150,43.24,141.866,276,幾春別川,市来知
151,43.207,141.726,325,幾春別川,西川向
152,42.946,141.875,792,夕張川,円山
153,43.027,141.778,868,夕張川,由仁
154,43.057,141.769,1090,夕張川,栗山（廃止）
155,43.089,141.688,1116,夕張川,清幌橋
156,42.775,141.4,223,千歳川,支笏湖
157,42.808,141.569,279,千歳川,ふ化場
158,42.846,141.67,367,千歳川,西越
159,42.943,141.651,618,千歳川,舞鶴
160,42.983,141.623,848,千歳川,南6号樋門
161,43.02,141.578,1142,千歳川,裏の沢
162,43.105,141.569,1269,千歳川,東光
163,42.873,141.153,65,豊平川,本流上流
164,42.964,141.159,228,豊平川,定山渓市街
165,42.974,141.173,203,白井川,一の沢
166,42.966,141.284,13,豊平川,白川
167,42.966,141.322,550,豊平川,石山
168,43.028,141.358,627,豊平川,幌平橋（廃止）
169,43.03,141.354,627,豊平川,藻岩
170,43.071,141.401,651,豊平川,雁来
171,43.196,141.5,312.8,当別川,旧当別川下（廃止）
172,43.183,141.491,313,当別川,当別川下
173,43.167,141.348,141,茨戸川,茨戸
174,43.709,141.926,88,大鳳川,大鳳橋
175,43.366,141.798,67,産化美唄川,産化美唄
176,43.278,141.971,36.02,奔別川,新奔別
177,43.134,141.646,320,幌向川,豊幌
178,42.91,141.723,63,嶮淵川,嶮淵
179,42.857,141.403,40,漁川,光竜
180,42.879,141.57,147,漁川,日の出橋
181,42.988,141.564,24,輪厚川,輪厚
182,42.866,141.16,42,漁入沢川,漁入沢
183,42.931,141.12,19,白水川,白水橋
184,42.939,141.126,11,小川,薄別
185,43.033,141.129,68,小樽内川,小樽内
186,42.95,141.286,3,野々沢川,野々沢
187,42.96,141.287,-9999,野々沢川,下野々沢
188,42.943,141.309,4,オカバルシ川,オカバルシ
189,42.961,141.313,7,オカバルシ川,下オカバルシ
190,42.935,141.33,2,穴の川,穴の川
191,42.958,141.323,-9999,穴の川,下穴の川
192,42.986,141.306,2,南の沢川,南の沢
193,42.982,141.333,6,南の沢川,下南の沢
194,43.058,141.432,28,月寒川,月寒
195,43.075,141.426,-9999,望月寒川,望月寒
196,43.118,141.427,0,篠路新川,モエレ
197,43.112,141.478,183,厚別川,厚別
198,43.153,141.371,71,伏籠川,伏籠下流
199,43.158,141.361,72,伏籠川,福移橋
200,42.864,141.411,42,ラルマナイ川,白扇
201,43.013,141.154,14,滝の沢川,滝の沢
202,42.977,141.138,91.5,白井川,白井
203,43.125,141.344,16,創成川,創成上流
204,43.156,141.352,21,創成川,創成
205,43.148,141.318,18,発寒川,発寒上流
206,43.159,141.348,24,発寒川,発寒
207,42.941,141.569,50,島松川,下島松
208,43.009,141.309,4,北の沢川,下北の沢
209,42.934,141.341,3,真駒内川,真駒内常磐
210,43.001,141.311,7,中の沢川,中の沢
211,42.957,141.263,19,簾舞川,簾舞
212,42.938,141.224,6,盤の沢川,盤の沢川
213,43.633,143.01,113,石狩川,石狩平
214,43.727,142.955,444,石狩川,層雲峡
215,43.842,142.764,842,石狩川,上川
216,43.889,142.655,1083,石狩川,中愛別
217,43.893,142.522,1325,石狩川,比布
218,43.816,142.419,1423,石狩川,永山
219,43.778,142.358,1917,石狩川,旭橋
220,43.764,142.276,3379,石狩川,伊納
221,43.646,143.066,45,ルベシナイ川,ルベシナイ
222,43.863,142.843,208,留辺志部川,ルベシベ
223,43.802,142.476,159.6,牛朱別川,桜岡（廃止）
224,43.788,142.443,430,牛朱別川,旭永橋
225,43.775,142.373,475,牛朱別川,中央橋
226,43.649,142.586,249,忠別川,江卸
227,43.693,142.501,278,忠別川,暁橋
228,43.703,142.469,263.4,忠別川,暁橋(旧)（廃止）
229,43.748,142.376,358,忠別川,大正橋
230,43.586,142.456,149,美瑛川,西一区
231,43.643,142.396,424,美瑛川,辺別太
232,43.68,142.378,645,美瑛川,西神楽
233,43.665,142.403,189,辺別川,18号
234,43.824,142.329,181,オサラッペ川,鷹栖橋
235,43.297,142.395,950,空知川,布部
236,43.809,142.466,161,永山新川,北永
237,43.62,142.754,124,忠別川,忠別川上流
238,43.631,142.689,60,忠別川,ピウケナイ
239,43.805,142.487,201,牛朱別川,鹿島橋
240,26.714,128.164,-9999,田嘉里川,田嘉里（廃止）
241,42.789,140.934,230.8,尻別川,喜茂別下流（廃止）
242,42.885,140.753,717.3,尻別川,倶知安（廃止）
243,42.801,140.599,1313.7,尻別川,昆布
244,42.815,140.529,1367.5,尻別川,蘭越
245,42.811,140.453,1402.2,尻別川,名駒
246,42.877,140.365,1636.3,尻別川,河口
247,26.67,128.141,23.6,大保川,大保(廃止）
248,26.658,128.128,-9999,大保川,大保大橋
249,26.656,128.138,-9999,大保川,大工又橋
250,42.507,140.191,48,後志利別川,上利別
251,42.428,140.154,141.5,後志利別川,花石
252,42.411,140.105,206.2,後志利別川,住吉
253,42.421,140.009,361.4,後志利別川,今金
254,42.417,139.921,612.3,後志利別川,大富
255,42.425,139.848,720,後志利別川,河口
256,42.499,140.231,17.7,ピリカベツ川,美利河別
257,42.493,140.16,17.2,チュウシベツ川,忠志別
258,26.614,128.059,14.7,源河川,源河（廃止）
259,42.89,142.255,616.1,鵡川,福山
260,42.759,142.136,949.5,鵡川,穂別
261,42.658,142.071,1069.2,鵡川,栄
262,42.573,141.937,1228,鵡川,鵡川
263,42.851,142.172,122.7,穂別川,稲里
264,26.616,128.019,12,羽地大川,稲搗橋
265,42.711,142.246,765.2,沙流川,幌毛志橋
266,42.583,142.141,1253,沙流川,平取
267,42.517,142.031,1323,沙流川,富川
268,42.681,142.386,234.3,額平川,平取ダムサイト
269,42.668,142.246,365.8,額平川,貫気別
270,43.323,142.943,534.1,十勝川,ニペソツ
271,43.068,142.926,803.8,十勝川,共栄橋
272,43.013,142.938,845.8,十勝川,熊牛
273,42.931,143.047,1546.4,十勝川,芽室太
274,42.934,143.203,2677.8,十勝川,帯広
275,42.927,143.291,4482.8,十勝川,十勝中央大橋
276,42.92,143.384,5081.5,十勝川,千代田
277,42.808,143.512,8208,十勝川,茂岩
278,42.69,143.648,8379.5,十勝川,大津
279,43.418,142.866,162.8,十勝川,シイ十勝
280,43.412,142.878,207.5,トムラウシ川,トムラウシ
281,42.92,143.032,218,芽室川,芽室橋（廃止）
282,42.802,142.957,150,美生川,上美生橋（廃止）
283,42.923,143.066,194.8,美生川,美生橋
284,43.055,143.086,280.8,然別川,上然別橋（廃止）
285,42.951,143.147,646.4,然別川,国見橋
286,43.186,143.225,540,音更川,士幌
287,43.008,143.2,707.9,音更川,音更
288,42.933,143.209,181,帯広川,東3条
289,42.611,142.87,83.1,札内川,竜潭上流
290,42.58,142.935,-9999,札内川,札内ダム直下
291,42.603,142.987,150.1,札内川,南札内
292,42.642,143.092,188.9,札内川,上札内
293,42.798,143.157,580,札内川,第二大川橋
294,42.84,143.188,608.1,札内川,南帯橋
295,42.926,143.229,698.9,札内川,札内
296,42.699,143.058,160.6,戸蔦別川,戸蔦橋
297,42.733,143.109,294.7,戸蔦別川,中島橋
298,42.692,143.063,76.6,岩内川,岩内（廃止）
299,42.947,143.27,282,士幌川,旭橋
300,42.913,143.282,115,途別川,千住12号橋
301,42.91,143.356,447.4,猿別川,止若
302,43.359,143.607,725.7,利別川,上利別（廃止）
303,43.094,143.516,2365.3,利別川,東橋
304,42.931,143.443,2715.2,利別川,利別
305,43.247,143.568,541.9,足寄川,下足寄（廃止）
306,42.92,143.476,115,十弗川,東台1号橋
307,42.799,143.472,164,牛首別川,農野牛
308,42.774,143.597,104,下頃辺川,大平橋
309,42.765,143.611,110,下頃辺川,愛牛橋（廃止）
310,42.734,143.674,590.4,浦幌十勝川,十勝太
311,42.746,143.6,35.6,浦幌十勝導水路,導
312,42.796,143.65,392,浦幌川,万年橋
313,43.555,144.358,340.9,釧路川,屈斜路
314,43.488,144.451,459,釧路川,弟子屈
315,43.402,144.531,693.3,釧路川,熊牛原野
316,43.3,144.601,894.6,釧路川,標茶
317,43.24,144.538,1093.6,釧路川,五十石
318,43.085,144.427,1668,釧路川,岩保木
319,43.056,144.398,2172.1,新釧路川,広里
320,43.007,144.367,2338,新釧路川,鳥取
321,43.483,144.463,137,鐺別川,鐺別
322,43.289,144.537,137.6,オソベツ川,下オソベツ
323,43.22,144.431,96.6,久著呂川,下久著呂
324,43.216,144.343,169.5,雪裡川,雪裡
325,43.158,144.326,127,幌呂川,幌呂
326,43.559,144.339,289.63,釧路川,屈斜路湖
327,43.061,144.4,2171.9,釧路川,横堤
328,43.171,144.485,1.8,釧路川,シラルトロ上流
329,43.167,144.484,1326.5,釧路川,シラルトロ下流
330,43.164,144.479,1327.4,釧路川,二本松橋
331,43.153,144.505,6.3,釧路川,塘路上流
332,43.152,144.488,1467.6,釧路川,塘路下流
333,43.107,144.475,1.3,釧路川,達古武上流
334,43.107,144.471,1503.5,釧路川,達古武下流
335,43.711,144.009,571,網走川,津別
336,43.836,144.098,824,網走川,美幌
337,43.898,144.133,1120,網走川,本郷
338,43.958,144.199,1319,網走川,川尻漁場
339,44.005,144.231,1352,網走川,大曲
340,43.829,144.122,199,美幌川,美幌橋
341,43.931,144.21,115.5,女満別川,湖南(廃止)
342,43.682,143.599,422,常呂川,置戸
343,43.755,143.84,664,常呂川,上常呂
344,43.799,143.913,1394,常呂川,北見
345,43.921,143.968,1550,常呂川,忠志
346,44.013,143.986,1809,常呂川,太茶苗
347,44.058,144.031,1898,常呂川,上川沿
348,44.119,144.072,1921,常呂川,河口
349,43.788,143.621,418,無加川,留辺蘂
350,43.789,143.89,559,無加川,北光社
351,43.913,143.911,157,仁頃川,豊実(廃止)
352,35.371,132.676,471,神戸川,外園
353,35.404,132.666,0,日本海,大社
354,35.453,133.102,-9999,神戸川,上橋波
355,44.006,143.338,802,湧別川,丸瀬布
356,44.052,143.519,958,湧別川,遠軽
357,44.099,143.544,1335,湧別川,開盛
358,44.199,143.593,1453,湧別川,中湧別
359,44.053,143.544,280,生田原川,対遠橋
360,44.192,143.076,233,渚滑川,滝ノ上
361,44.249,143.259,1051,渚滑川,上渚滑
362,44.349,143.274,1198,渚滑川,ウツツ橋
363,44.379,143.301,1226,渚滑川,渚滑橋
364,44.137,143.201,163.1,立牛川,立牛(廃止)
365,26.474,127.951,9,漢那福地川,漢那橋
366,26.642,128.167,33,福地川,川田
367,26.666,128.254,10,新川川,高江橋
368,26.718,128.282,24,安波川,上安波
369,26.722,128.288,15,普久川,下普久川
370,26.829,128.282,5.5,奥川,奥（廃止）
371,26.492,127.914,4.9,億首川,億首（基２）（廃止）
372,26.485,127.927,-9999,億首川,基３（幸地川）
374,26.454,127.943,-9999,億首川,福花橋
375,26.492,127.914,4.9,億首川,基２（喜瀬武原）
376,26.82,128.249,4.1,座津武川,座津武（廃止）
377,38.048,140.924,5404.8,阿武隈川,阿武隈川河口
378,38.049,140.912,5274,阿武隈川,荒浜
379,38.096,140.872,5265,阿武隈川,岩沼
380,38.077,140.824,-9999,阿武隈川,小山
381,38.018,140.801,4398,阿武隈川,江尻
382,37.958,140.799,4347,阿武隈川,笠松
383,37.922,140.756,4173,阿武隈川,丸森
384,37.926,140.754,4133,阿武隈川,舘矢間
385,38.062,140.771,796,白石川,船岡大橋
386,38.053,140.919,-9999,阿武隈川,新浜
387,38.104,140.876,-9999,不明(阿武隈川水系),志引橋
388,37.868,140.609,3955.9,阿武隈川,八幡
389,37.833,140.617,247,広瀬川,大関
390,37.829,140.52,3663.4,阿武隈川,伏黒
391,37.811,140.496,316,摺上川,瀬ノ上
392,37.813,140.272,29.4,松川,前川第２ダム
393,37.781,140.443,78.4,松川,清水
394,37.761,140.378,40,天戸川,天戸川
395,37.755,140.402,90.8,須川,舘ノ下
396,37.75,140.469,3171.9,阿武隈川,福島
397,37.751,140.453,178.7,荒川,八木田
398,37.75,140.388,25.3,白津川,水保
399,37.736,140.389,68.7,荒川,上名倉
400,37.727,140.473,2886,阿武隈川,黒岩
401,37.694,140.341,62.2,荒川,荒川第５ダム
402,37.683,140.328,35.1,荒川,土湯
403,37.682,140.327,6.1,東鴉川,東鴉川
404,37.674,140.311,16.9,荒川,荒川第１０ダム
405,37.654,140.312,3,荒川,東鴉川第４ダム
406,37.594,140.465,2331.8,阿武隈川,二本松
407,37.582,140.513,120,移川,移川
408,37.516,140.404,2283.5,阿武隈川,本宮
409,37.408,140.409,1865.2,阿武隈川,阿久津
410,37.346,140.374,1292.8,阿武隈川,御代田
411,37.301,140.385,910.2,阿武隈川,須賀川
412,37.287,140.354,275.8,釈迦堂川,西川
413,37.273,140.407,905.4,阿武隈川,小作田
414,37.142,140.415,440.6,社川,小金石
415,37.134,140.209,172.4,阿武隈川,白河
416,37.912,140.426,-9999,摺上川,秋庭
417,37.95,140.34,-9999,摺上川,稲子沢
418,37.843,140.441,-9999,摺上川,西根上堰
419,37.83,140.456,82,摺上川,西根下堰
420,37.994,140.444,126,白石川,関
421,37.995,140.457,50,白石川,萩崎
422,37.951,140.555,281,白石川,塩倉
423,38.012,140.62,345,白石川,白石
424,38.036,140.696,684,白石川,北白川
425,37.98,140.56,295,白石川,小日向
426,37.953,140.529,240,白石川,冷清水
427,38.09,140.658,106.4,白石川,永野
428,38.049,140.738,690.4,白石川,大河原
429,37.962,140.513,237,白石川,七ヶ宿ダム
430,37.415,140.608,53.7,牧野川,牧野
431,37.437,140.648,63.4,大滝根川,常葉
432,37.424,140.525,180,大滝根川,光大寺
433,37.37,140.429,249,大滝根川,赤沼
434,38.178,140.952,776,名取川,閖上第二
435,38.205,140.912,772,名取川,袋原
436,38.206,140.886,431,名取川,名取橋
437,38.268,140.59,49.6,名取川,野尻
438,38.236,140.889,309,広瀬川,広瀬橋
439,38.269,140.809,274,広瀬川,落合
440,38.216,140.864,-9999,笊川,杉の下橋
441,38.196,140.931,773.4,名取川,中村
442,38.218,140.814,424,名取川,余方
443,38.235,140.708,130,名取川,湯元
444,38.199,140.727,207.3,碁石川,碁石
445,38.209,140.637,38,太郎川,馬引
446,38.173,140.665,68.7,前川,前川
447,38.201,140.605,56.6,北川,下原
448,38.218,140.815,424.3,名取川,余方
449,38.379,141.17,1158.4,鳴瀬川,野蒜
450,38.406,141.149,788.7,鳴瀬川,小野
451,38.435,141.116,739.3,鳴瀬川,鹿島台
452,38.498,141.119,-9999,鳴瀬川,竹谷
453,38.527,141.059,707,鳴瀬川,野田橋
454,38.531,141.023,701.6,鳴瀬川,下中ノ目
455,38.527,140.949,550.8,鳴瀬川,三本木橋
456,38.343,141.168,0,鳴瀬川,宮戸
457,38.405,141.149,350.6,吉田川,小野
458,38.435,141.116,337.4,吉田川,鹿島台
459,38.442,141.068,335,吉田川,幡谷
460,38.436,140.996,298.2,吉田川,粕川
461,38.432,140.891,68.7,吉田川,高田橋
462,38.428,140.929,197.2,吉田川,落合
463,38.459,140.883,51,善川,塩浪
464,38.415,140.889,-9999,竹林川,新田橋
465,38.524,140.91,513.7,鳴瀬川,高倉橋
466,39.713,141.131,1216.95,北上川,館坂橋
467,39.693,141.149,2183.58,北上川,明治橋
468,39.673,141.162,2347.3,北上川,津志田
469,39.621,141.183,2419.9,北上川,乙部
470,39.553,141.176,2579.8,北上川,紫波橋
471,39.494,141.156,2752.1,北上川,大正橋
472,39.392,141.13,4228.6,北上川,朝日橋
473,39.352,141.144,4421,北上川,更木
474,39.285,141.13,4541.2,北上川,珊瑚橋
475,39.261,141.122,5458.7,北上川,男山
476,39.252,141.114,5459.8,北上川,国見橋
477,39.196,141.128,5544.6,北上川,金ヶ崎橋
478,39.168,141.155,6006,北上川,桜木橋
479,39.136,141.176,6245.6,北上川,小谷木橋
480,39.065,141.163,6398.9,北上川,大曲橋
481,39.02,141.136,6485.1,北上川,箱石
482,38.976,141.138,6738.3,北上川,長島
483,38.948,141.171,7065.6,北上川,狐禅寺
484,38.951,141.191,7095.1,北上川,相川
485,38.899,141.263,7509.5,北上川,諏訪前
486,38.843,141.263,7641.2,北上川,七日町
487,39.925,141.229,322,丹藤川,滝
488,39.712,141.179,195.8,中津川,山岸
489,39.698,141.067,664,雫石川,滝太橋
490,39.704,141.122,744.82,雫石川,太田橋
491,39.393,141.151,959.15,猿ヶ石川,安野
492,39.379,141.107,164.2,豊沢川,不動橋
493,39.205,141.159,111,広瀬川,岩瀬橋
494,39.186,141.182,100.7,人首川,岩谷堂
495,39.016,141.091,169.5,衣川,川西橋
496,38.94,141.052,172.5,磐井川,五串
497,38.928,141.128,279.9,磐井川,釣山
498,38.929,141.254,361.9,砂鉄川,妻神
499,38.896,141.29,84.4,千厩川,矢作
500,38.861,141.32,64,黄海川,西口
501,38.976,141.24,348,砂鉄川,十二木橋
502,38.991,141.124,-9999,北上川,高館橋
503,39.278,141.124,2.3,北上川,大曲川（内水）
504,39.279,141.124,2.3,北上川,大曲川（外水）
505,38.933,141.153,9.5,磐井川,吸川（外水）
506,39.221,141.131,5500.7,北上川,三照
507,39.895,141.201,591,北上川,寺林
508,38.583,141.479,0,北上川,白浜
509,38.574,141.448,8126,北上川,月浜
510,38.53,141.375,8040,北上川,福地
511,38.515,141.31,8009,北上川,飯野川上流
512,38.603,141.298,7958.6,北上川,柳津
513,38.602,141.291,7958.9,北上川,脇谷上流
514,38.659,141.286,7869.4,北上川,登米
515,38.704,141.288,7862.5,北上川,米谷
516,38.764,141.271,7800,北上川,大泉
517,38.42,141.311,1946,旧北上川,門脇
518,38.491,141.298,1857.5,旧北上川,大森
519,38.47,141.294,1865.7,旧北上川,曽波神
520,38.526,141.228,1846.5,旧北上川,和渕
521,38.604,141.281,4.7,旧北上川,倉埣
522,38.602,141.29,7958.9,旧北上川,脇谷下流
523,38.563,141.228,908.1,迫川,剣先
524,38.539,141.203,576.1,江合川,短台
525,38.546,141.127,471,江合川,涌谷
526,38.565,141.026,-9999,江合川,中北橋
527,38.568,141.013,406.2,江合川,下谷地
528,38.581,140.978,405,江合川,荒雄
529,38.661,140.867,399.8,江合川,岩出山
530,38.571,140.982,0,新江合川,李埣
531,38.594,140.951,404,江合川,桜ノ目
532,38.62,141.293,7902.8,北上川,鴇波
533,39.102,140.871,-9999,胆沢川,下嵐江
534,39.077,140.864,44.1,前川,前川
535,39.171,141.096,216.6,胆沢川,胆沢川橋
536,39.13,141.007,-9999,胆沢川,大歩
537,39.399,140.769,266.7,和賀川,新町
538,39.291,141.071,850,和賀川,広表
539,39.36,141.55,309.6,猿ヶ石川,松崎
540,39.32,141.461,505,猿ヶ石川,二日町
541,39.298,141.381,103.4,小友川,小友川
542,39.361,141.283,869.5,猿ヶ石川,谷内
543,39.872,141.178,618,北上川,芋田橋
544,39.874,141.161,411,松川,古川橋
545,39.834,141.161,1078.5,北上川,船田橋
546,39.69,140.945,143.3,雫石川,春木場
547,39.691,140.958,181.5,葛根田川,岩持
548,39.654,140.953,120.4,南川,矢川
550,39.117,140.919,185,胆沢川,胆沢
551,39.302,140.885,583,和賀川,湯田
552,39.691,141.026,635,雫石川,御所
553,39.677,141.026,619.6,雫石川,繋大橋
554,39.753,141.148,1196,北上川,四十四田
555,39.345,141.32,740,猿ヶ石川,田瀬
556,39.301,140.883,583,和賀川,大荒沢
557,39.115,140.902,-9999,胆沢川,石淵
558,38.799,140.661,164.7,江合川,轟
559,38.75,140.723,287.04,江合川,末沢
560,38.738,140.697,58.24,江合川,大谷川
561,40.534,141.491,2033,馬淵川,新大橋
562,40.517,141.47,2024,馬淵川,大橋
563,40.486,141.429,1871,馬淵川,櫛引橋
564,40.444,141.348,1751,馬淵川,剣吉
565,40.26,141.291,964,馬淵川,石切所
566,40.13,141.365,424,馬淵川,冬部
567,40.238,141.233,402,安比川,似鳥
568,40.504,141.434,125,馬淵川,尻内
569,40.309,141.131,109.2,熊原川,飯豊
570,40.144,141.316,112.8,平糠川,駒木
571,40.502,141.445,2012,馬淵川,尻内橋
572,40.754,141.233,44.5,赤川,赤川
573,40.738,141.244,344.2,高瀬川,上野
574,40.714,141.279,92.4,砂土路川,砂土路川
575,40.7,141.32,13.9,中津川,中津川
576,40.693,141.325,39.6,姉沼川,姉沼川
577,40.744,141.359,805.4,高瀬川,頭無
578,40.742,141.277,805.4,高瀬川,沼崎
579,40.778,141.258,65.7,土場川,土場川
580,40.758,141.326,805.4,高瀬川,鶴ヶ崎
581,40.818,141.332,805.4,高瀬川,小川原湖
582,40.812,141.297,805.4,高瀬川,浜台
583,40.841,141.372,805.4,高瀬川,高瀬橋
584,40.846,141.379,805.4,高瀬川,高瀬川
585,40.886,141.39,866.9,高瀬川,河口
586,41.036,140.331,2544,岩木川,十三
587,41.015,140.372,1996,岩木川,若宮
588,40.911,140.418,1986,岩木川,繁田
589,40.81,140.437,1740,岩木川,五所川原
590,40.694,140.454,1308,岩木川,幡龍橋
591,40.678,140.459,1248,岩木川,三世寺
592,40.592,140.417,410,岩木川,上岩木橋
593,40.645,140.495,831,平川,百田
594,40.63,140.502,83,平川,豊平橋
595,40.552,140.547,284,平川,石川
596,40.775,140.476,255.8,十川,梅田
597,40.945,140.389,1990.1,岩木川,上長泥
598,40.47,140.634,57,浅瀬石川,碇ヶ関
599,40.848,140.403,1816.3,岩木川,出精
600,40.736,140.427,1400.1,岩木川,菖蒲川
601,40.72,140.423,1354.3,岩木川,上中畑
602,40.672,140.471,1254.7,岩木川,飯田
603,40.607,140.454,412.2,岩木川,駒越
604,40.643,140.518,341,浅瀬石川,朝日橋
605,40.641,140.529,111,浅瀬石川,大曲
606,40.608,140.665,302,浅瀬石川,温湯
607,40.524,140.723,128,浅瀬石川,葛川
608,40.041,140.433,-9999,小又川,巻渕
609,40.221,140.027,4079,米代川,向能代
610,40.193,140.047,4065.2,米代川,榊
611,40.223,140.17,3908.7,米代川,富根
612,40.205,140.24,3750.4,米代川,二ツ井
613,40.203,140.264,3415,米代川,七座
614,40.205,140.309,2353.3,米代川,坊沢
615,40.205,140.377,174.8,小猿部川,脇神
616,40.219,140.37,2109,米代川,鷹巣
617,40.268,140.472,1654.4,米代川,下川沿
618,40.261,140.533,1287.1,米代川,吉富士
619,40.233,140.581,1220.8,米代川,扇田橋
620,40.217,140.67,1167.4,米代川,十二所
621,40.121,140.366,683.6,阿仁川,米内沢
622,39.548,140.224,3914,雄物川,新波
623,39.615,140.157,4035,雄物川,椿川
624,39.683,140.108,4372.4,雄物川,石田坂
625,39.703,140.084,4386,雄物川,新屋
626,39.556,140.26,204.4,淀川,淀川
627,39.656,140.169,300,岩見川,豊成
628,39.715,140.095,4386.2,旧雄物川,新屋水門
629,39.528,140.277,3681.6,雄物川,木原田
630,39.549,140.361,3608.4,雄物川,刈和野橋
631,39.484,140.422,3336.5,雄物川,神宮寺
632,39.45,140.467,1882.1,雄物川,大曲橋
633,39.341,140.439,1290,雄物川,大上橋
634,39.276,140.401,1240,雄物川,雄物川橋
635,39.223,140.438,1063.5,雄物川,大久保
636,39.189,140.451,475.6,雄物川,柳田橋
637,39.109,140.477,401.2,雄物川,酒蒔
638,39.076,140.454,268.2,雄物川,岩館
639,39.541,140.527,1088,玉川,長野
640,39.689,140.555,216.4,桧木内川,栃木橋
641,39.206,140.516,547.35,皆瀬川,岩崎橋
642,39.199,140.583,255,成瀬川,安養寺
643,39.003,140.469,145,役内川,川井
644,39.532,140.409,30.2,土買川,半道寺
645,39.48,140.46,1217,玉川,玉川橋
646,39.401,140.489,397.1,横手川,角間
647,39.223,140.426,52.4,西馬音内川,下郡
648,39.453,140.364,81.8,楢岡川,中宿
649,39.306,140.575,216.2,横手川,横手
650,39.463,140.514,211.7,丸子川,館の橋
651,39.184,140.648,191,成瀬川,田子内
652,39.256,140.398,1194,雄物川,鵜の巣
653,39.606,140.622,596,玉川,広久内
654,39.926,140.709,136,玉川,五十曲
655,39.862,140.711,74.6,玉川,小和瀬
656,39.231,140.148,362,子吉川,矢島
657,39.272,140.112,419,子吉川,吉沢
658,39.316,140.101,472,子吉川,明法
659,39.354,140.07,900,子吉川,宮内
660,39.376,140.066,937,子吉川,二十六木橋
661,39.394,140.047,1180,子吉川,由利橋
662,39.158,140.253,127.3,笹子川,小川
663,39.322,140.176,262.9,石沢川,山内
664,39.344,140.091,316,石沢川,鮎瀬
665,39.416,140.07,218,芋川,館前
666,38.481,140.35,3770,最上川,稲下
667,38.421,140.326,3534,最上川,下野
668,38.37,140.316,2962,最上川,蔵増
669,38.34,140.286,2147,最上川,長崎
670,38.369,140.239,2100,最上川,中郷
671,38.35,140.198,1909,最上川,中沢
672,38.304,140.136,1817,最上川,宮宿
673,38.198,140.102,1578,最上川,菖蒲
674,38.114,140.048,1350,最上川,小出
675,38.066,140.065,1018,最上川,西大塚
676,38.034,140.097,843,最上川,下田
677,37.986,140.142,359,最上川,糠野目
678,37.944,140.127,203,最上川,上新田
679,37.909,140.12,85.3,最上川,信濃町
680,38.397,140.283,478,寒河江川,西根
681,38.347,140.307,661,須川,寺津
682,38.292,140.279,422,須川,鮨洗
683,38.234,140.296,350,須川,前明石
684,38.376,140.206,158.5,月布川,月布川
685,38.284,140.124,84.2,朝日川,松程
686,38.437,140.336,3597.3,最上川,押切
687,38.759,140.064,6270.9,最上川,高屋
688,38.82,139.976,6471.1,最上川,臼ヶ沢
689,38.88,139.908,6497.2,最上川,砂越
690,38.887,139.842,6519.4,最上川,両羽橋
691,38.911,139.826,6774.7,最上川,下瀬
692,38.886,139.943,168.1,相沢川,石名坂
693,38.884,139.838,247.8,京田川,広田
694,38.777,140.018,163,立谷沢川,肝煎
695,38.648,140.006,90,立谷沢川,瀬場
696,38.637,140.006,7,立谷沢川,玉川第六ダム
697,38.668,140.145,122,角川,明戸
698,38.738,140.143,6096,最上川,古口（副）
699,38.746,140.194,812,鮭川,岩清水
700,38.799,140.213,618,鮭川,真木（副）
701,38.868,140.229,173,鮭川,八千代橋
702,38.903,140.226,43,小又川,小川内
703,38.86,140.25,320,真室川,真室川（副）
704,38.867,140.255,206,真室川,安久土
705,38.864,140.28,106,金山川,平岡橋（副）
706,38.729,140.227,5273,最上川,本合海
707,38.702,140.232,5146,最上川,清水
708,38.687,140.235,186,銅山川,通り
709,38.653,140.211,126,銅山川,木遠田
710,38.607,140.164,97,銅山川,肘折ダム
711,38.691,140.278,397,最上小国川,長者原
712,38.756,140.426,319,最上小国川,瀬見
713,38.663,140.288,4516,最上川,堀内（副）
714,38.589,140.369,3963,最上川,大石田（副）
715,37.918,139.886,73.6,置賜白川,下屋地
716,37.913,139.915,59,広河原川,広河原
717,38.011,139.966,237.3,置賜白川,手の子
718,38.027,139.987,276.7,置賜白川,椿
719,38.391,139.997,85.7,寒河江川,中村
720,38.449,140.053,240,寒河江川,本道寺
721,38.121,139.928,11.2,置賜野川,合地沢
723,38.096,139.983,106.1,置賜野川,平山
724,38.116,140.027,119.4,置賜野川,谷地橋
725,38.607,139.833,253.5,赤川,笹目橋
726,38.631,139.848,551.5,赤川,熊出
727,38.678,139.862,597.8,赤川,黒川橋
728,38.726,139.851,629,赤川,羽黒橋
729,38.773,139.849,646.9,赤川,横山
730,38.807,139.851,673.7,赤川,押切
731,38.841,139.814,695.1,赤川,浜中
732,38.617,139.84,551.5,梵字川,落合左岸
733,38.617,139.84,551.5,梵字川,落合右岸
734,38.59,139.852,283.4,梵字川,三栗屋
735,38.571,139.923,30.7,田麦川,田麦俣
736,43.638,145.081,657,標津川,合流点
737,43.671,145.125,701,標津川,河口
738,45.245,141.846,83.4,声問川,小松橋
739,36.633,140.397,898,久慈川,山方
740,36.553,140.427,951,久慈川,富岡
741,36.504,140.519,1193,久慈川,額田
742,36.496,140.554,1197,久慈川,榊橋上
743,36.495,140.568,1442,久慈川,榊橋
744,36.481,140.608,-9999,久慈川,久慈大橋
745,36.541,140.471,89,山田川,常井橋
746,36.537,140.541,188,里川,機初
747,36.341,140.583,2814,那珂川,湊大橋
748,36.377,140.48,2552,那珂川,水府橋
749,36.421,140.435,2517,那珂川,下国井
750,36.55,140.326,2181,那珂川,野口
751,36.594,140.178,1941,那珂川,川堀
752,36.756,140.143,1255,那珂川,小口
753,36.857,140.119,648,那珂川,黒羽
754,36.369,140.498,52,桜川,搦手橋
755,36.321,140.564,461,涸沼川,涸沼橋
756,36.437,140.418,109,藤井川,上合橋
757,35.922,139.978,-9999,利根川,高野
758,35.982,139.89,8849,利根川,芽吹橋
759,36.143,139.698,8588,利根川,栗橋
760,36.195,139.515,6018,利根川,川俣
761,36.241,139.383,5986,利根川,古戸
762,36.264,139.198,5150,利根川,八斗島
763,36.313,139.12,3661,利根川,上福島
764,36.193,139.696,2203,渡良瀬川,古河
765,36.254,139.654,1209.5,渡良瀬川,藤岡
766,36.262,139.748,760,思川,乙女
767,36.388,139.791,-9999,思川,大光寺
768,36.293,139.733,205,巴波川,中里
769,36.343,139.72,-9999,永野川,山下橋
770,35.736,140.838,15872,利根川,銚子
771,35.824,140.719,15789,利根川,太田新田
772,35.888,140.583,13521,利根川,一之分目
773,35.91,140.497,13487,利根川,横利根
774,35.913,140.445,13298,利根川,川尻
775,35.886,140.348,13286,利根川,金江津
776,35.863,140.317,13169,利根川,新川
777,35.853,140.237,13151,利根川,須賀
778,35.853,140.138,12458,利根川,布川
779,35.872,140.129,12458,利根川,押付
780,35.894,140.059,12168,利根川,取手
781,35.898,140.126,1043,小貝川,戸田井
782,35.913,140.14,1003,小貝川,中郷
783,35.839,140.119,-9999,下手賀川,発作橋
784,35.874,139.983,-9999,大堀川,呼塚橋
785,35.808,140.319,-9999,根木名川,新妻橋
786,35.843,140.342,-9999,尾羽根川,水掛橋
787,35.941,140.127,-9999,牛久沼,牛久沼湖面
788,36.028,140.295,-9999,霞ヶ浦,木原
789,36.009,140.374,-9999,霞ヶ浦,大山
790,36.07,140.375,-9999,霞ヶ浦,出島
791,36.038,140.404,-9999,霞ヶ浦,湖心
792,36.128,140.39,-9999,霞ヶ浦,八木蒔
793,36.057,140.424,-9999,霞ヶ浦,井上
794,35.965,140.489,-9999,霞ヶ浦,麻生沖
795,36.028,140.56,-9999,北浦,白浜
796,35.963,140.609,-9999,鰐川,神宮橋
797,35.958,140.514,1605,常陸利根川,牛堀
798,35.934,140.55,1655,常陸利根川,潮来
799,35.923,140.577,1664,常陸利根川,十番
800,35.901,140.61,2129.3,常陸利根川,賀
801,35.842,140.708,2157,常陸利根川,波崎上
802,35.841,140.709,2157,常陸利根川,波崎下
803,35.937,140.498,177,横利根川,新横利根
804,36.114,140.143,352.7,桜川,藤沢新田
805,36.184,140.259,227.2,恋瀬川,恋瀬川
806,35.944,140.251,158.3,小野川,小野川
807,36.011,140.265,25.6,清明川,塙
808,36.169,140.352,80.1,園部川,小川
809,36.158,140.476,130.8,巴川,巴川
810,36.157,140.512,53.8,鉾田川,鉾田川
811,35.682,139.946,8793.6,江戸川,妙典
812,35.701,139.926,8793.6,江戸川,可動堰下
813,35.703,139.921,8793.6,江戸川,可動堰上
814,35.738,139.902,8793.6,江戸川,市川
815,35.782,139.894,8751.29,江戸川,松戸
816,35.817,139.888,8716.13,江戸川,三郷（4）
817,35.823,139.891,-9999,江戸川,松戸水門
818,35.851,139.894,8705.26,江戸川,流山
819,35.938,139.85,8687.87,江戸川,野田
820,35.992,139.82,8670.31,江戸川,東金野井
821,36.031,139.817,8664.25,江戸川,宝珠花
822,36.09,139.776,8664.25,江戸川,西関宿
823,36.103,139.789,8771.15,利根川,北関宿
824,36.122,139.766,8564.25,利根川,利根関宿
825,35.661,139.888,9780.9,旧江戸川,堀江
826,35.701,139.918,8793.6,旧江戸川,江戸川水門下
827,35.703,139.917,8793.6,旧江戸川,江戸川水門上
828,35.915,139.903,23.26,利根運河,運河
829,35.926,139.939,-9999,利根運河,江川（外）
830,35.929,139.951,-9999,利根運河,船戸（導）
831,35.93,139.954,-9999,利根運河,船戸（取）
832,35.83,139.907,45.51,坂川,大谷口新田
833,35.799,139.895,-9999,六間川,古ヶ崎（内）
834,35.736,139.926,31,真間川,須和田
835,35.749,139.861,789.97,中川,高砂
836,35.779,139.85,730.4,中川,飯塚橋
837,35.818,139.87,724.37,中川,三郷（1）
838,35.847,139.842,705.58,中川,八条橋
839,35.884,139.838,670.15,中川,吉川
840,35.907,139.837,154.97,中川,川藤
841,35.955,139.805,224.74,中川,倉田
842,35.916,139.808,162.26,古利根川,前波
843,35.978,139.774,155.76,古利根川,春日部
844,35.913,139.802,48.77,新方川,増林
845,35.898,139.787,209.71,元荒川,宮前
846,35.817,139.884,38.33,大場川,大場川（2）
847,35.818,139.886,38.33,大場川,大場川（3）
848,35.819,139.884,38.33,大場川,大場川（1）
849,35.793,139.828,-9999,綾瀬川,内匠橋
850,35.818,139.822,143.69,綾瀬川,柳ノ宮
851,35.838,139.807,124.05,綾瀬川,谷古宇
852,35.887,139.742,-9999,綾瀬川,畷橋
853,36.268,139.593,1144,渡良瀬川,大島
854,36.302,139.503,748,渡良瀬川,早川田上
855,36.32,139.464,694,渡良瀬川,岩井分水路
856,36.32,139.464,694,渡良瀬川,岩井
857,36.334,139.445,692,渡良瀬川,足利
858,36.355,139.387,582,渡良瀬川,葉鹿橋
859,36.376,139.361,-9999,渡良瀬川,松原橋
860,36.434,139.28,472,渡良瀬川,高津戸
861,36.281,139.577,109,秋山川,伊保内橋
862,36.279,139.579,-9999,秋山川,伊保内新橋
863,36.279,139.502,38,矢場川,足森橋
864,36.302,139.443,-9999,矢場川,藤本
865,36.306,139.534,146,旗川,高田橋
866,36.407,139.35,75,桐生川,広見橋
867,36.75,139.798,-9999,鬼怒川,佐貫（上）
868,36.748,139.801,1070.3,鬼怒川,佐貫（下）
869,36.611,139.974,-9999,鬼怒川,宝積寺（上）
870,36.605,139.978,1210.2,鬼怒川,宝積寺（廃止）
871,36.604,139.976,-9999,鬼怒川,宝積寺（下）
872,36.542,139.947,1230,鬼怒川,石井（右）
873,36.291,139.911,1333.5,鬼怒川,川島
874,36.226,139.912,1626.4,鬼怒川,平方
875,36.153,139.949,1696.1,鬼怒川,鎌庭
876,36.022,139.985,1740.1,鬼怒川,鬼怒川水海道
877,36.433,140.065,-9999,小貝川,田野橋
878,36.392,140.031,222.7,小貝川,三谷
879,36.291,139.998,259.7,小貝川,養蚕
880,36.25,139.996,580,小貝川,黒子
881,36.107,139.999,635.8,小貝川,上郷
882,36.018,139.997,757.5,小貝川,小貝川水海道
883,36.004,139.992,758.6,小貝川,川又
884,35.925,140.129,831,小貝川,文巻
885,36.409,139.988,-9999,五行川,二宮
886,36.55,138.784,747,吾妻川,岩島
887,36.385,139.057,3266.4,利根川,前橋
888,36.597,139.05,1692,利根川,岩本
889,36.769,138.971,499.9,利根川,湯原
890,36.381,138.876,156,烏川,上里見
891,36.552,138.921,1239,吾妻川,村上
892,36.658,139.094,633,片品川,上久屋
893,36.709,139.208,331.9,片品川,千鳥
894,36.768,139.223,359,片品川,鎌田
895,36.683,138.983,184,赤谷川,小袖橋
896,36.75,138.888,56,赤谷川,川古
897,36.728,138.869,35,西川,吹路
898,36.963,139.618,-9999,湯西川,清水バイパス取水口
899,36.322,139,557.2,烏川,高松
900,36.291,139.076,1228.7,烏川,岩鼻
901,36.28,139.124,-9999,烏川,新町
902,36.321,138.888,122.4,碓氷川,安中
903,36.261,139.026,552.2,鏑川,岩井
904,36.271,139.043,556.3,鏑川,山名
905,36.194,139.064,385.2,神流川,浄法寺
906,36.272,139.129,414.9,神流川,勅使河原
907,36.192,138.96,41.9,鏑川,上鹿島橋
908,36.419,138.795,104.5,烏川,水沼橋
909,36.278,139.156,1808.8,烏川,玉村
910,36.217,138.803,303.2,鏑川,石淵橋
911,36.113,139.198,905,荒川,寄居
912,36.135,139.282,-9999,荒川,植松橋
913,36.138,139.378,1000,荒川,熊谷
914,36.084,139.438,1019,荒川,大芦橋
915,35.985,139.519,-9999,荒川,太郎右衛門橋
916,35.891,139.56,2020,荒川,治水橋
917,36.092,139.429,-9999,和田吉野川,玉作
918,36.018,139.481,140,市野川,小見野
919,35.922,139.454,222,入間川,小ヶ谷
920,35.956,139.474,227,入間川,入間川落合橋
921,35.953,139.511,712.5,入間川,菅間
922,35.966,139.345,85,越辺川,今宿
923,35.979,139.378,100,越辺川,入西
924,35.984,139.402,207,越辺川,高坂橋
925,35.956,139.474,471,越辺川,越辺川落合橋
926,35.977,139.391,87,高麗川,坂戸
927,36.019,139.382,146,都幾川,唐子橋
928,36.008,139.421,154,都幾川,野本
929,35.935,139.442,54,小畔川,八幡橋
930,35.956,139.474,66,小畔川,小畔川落合橋
931,35.988,139.437,-9999,越辺川,天神橋
932,35.802,139.648,2095,荒川,笹目
933,35.788,139.728,2137,荒川,岩淵水門（上）
935,35.784,139.744,-9999,荒川,芝川水門（表）
936,35.784,139.744,117,芝川,芝川水門（裏）
937,35.76,139.793,2250,荒川,西新井
938,35.75,139.82,-9999,荒川,綾瀬水門（表）
939,35.75,139.82,90.2,荒川,綾瀬水門（裏）
940,35.743,139.818,-9999,荒川,隅田水門（表）
941,35.743,139.818,-9999,隅田川,隅田水門（裏）
942,35.721,139.844,-9999,荒川,中川水門（表）
943,35.721,139.844,-9999,中川,中川水門（裏）
944,35.683,139.847,2938,荒川,小名木川
945,35.654,139.842,2940,荒川,南砂町
946,35.833,139.584,286.24,新河岸川,志木
947,35.785,139.732,-9999,隅田川,岩淵水門（下）
948,35.672,139.783,666,隅田川,霊岸島
949,35.937,138.85,100,荒川,川又
950,35.949,138.932,173,荒川,落合
951,36.081,139.109,820,荒川,親鼻
952,35.923,138.918,49.2,大洞川,市ノ沢
953,35.537,139.767,1240,多摩川,多摩川河口
954,35.587,139.668,1202,多摩川,田園調布（下）
955,35.589,139.666,1202,多摩川,田園調布（上）
956,35.611,139.626,1190,多摩川,玉川
957,35.644,139.528,1040,多摩川,石原
958,35.682,139.412,801,多摩川,日野橋
959,35.781,139.267,433,多摩川,調布橋
960,35.649,139.458,45,大栗川,報恩橋
961,35.664,139.41,151,浅川,高幡橋
962,35.667,139.33,90,浅川,浅川橋
963,35.718,139.299,164,秋川,東秋留橋
964,35.479,139.684,235,鶴見川,鶴見川河口
965,35.506,139.686,239,鶴見川,芦穂橋
966,35.534,139.666,230,鶴見川,末吉橋
967,35.534,139.636,190,鶴見川,綱島
968,35.531,139.618,140,鶴見川,太尾
969,35.515,139.609,134,鶴見川,亀の子橋
970,35.513,139.552,112,鶴見川,落合橋
971,35.551,139.658,29,矢上川,矢上橋
972,35.547,139.621,28,早淵川,高田橋
973,35.503,139.607,8,鳥山川,鳥山
974,35.537,139.498,-9999,恩田川,浅山橋
975,35.57,139.512,-9999,谷本川,寺家橋
976,35.321,139.367,1680,相模川,馬入橋
977,35.373,139.37,1606,相模川,神川橋
978,35.444,139.371,1178,相模川,相模大橋
979,35.493,139.22,42.37,中津川,中津川
980,35.497,139.345,130.9,中津川,才戸橋
981,35.519,139.199,21.5,早戸川,早戸川
982,35.152,138.627,3558.9,富士川,松岡
983,35.195,138.583,3539.8,富士川,北松野
984,35.286,138.46,3063.4,富士川,南部
985,35.419,138.451,3016.7,富士川,富山橋
986,35.533,138.484,2179.1,富士川,清水端
987,35.593,138.512,991.1,釜無川,浅原橋
988,35.699,138.453,481.5,釜無川,船山橋
989,35.434,138.423,517.9,早川,早川橋
990,35.576,138.522,916.3,笛吹川,桃林橋
991,35.648,138.642,504.1,笛吹川,石和
992,35.696,138.684,267.7,笛吹川,亀甲橋
993,35.661,138.678,113.2,日川,日川
994,35.67,138.682,109.9,重川,重川
995,35.686,138.476,389.9,塩川,金剛地
996,35.672,138.478,81.2,御勅使川,堀切
997,38.088,139.728,240,荒川,小渡
998,38.089,139.573,914,荒川,上関
999,38.112,139.486,1069.1,荒川,花立
1000,38.135,139.461,1078,荒川,葛籠山
1001,38.057,139.744,287,横川,小国
1002,37.738,139.271,6997,阿賀野川,馬下
1003,37.822,139.156,7288,阿賀野川,満願寺（左岸）
1004,37.853,139.155,7295,阿賀野川,横越
1005,37.916,139.153,-9999,阿賀野川,胡桃山外水
1006,37.746,139.198,261,早出川,善願
1007,37.917,139.167,192,新井郷川,兄弟堀
1008,37.916,139.153,-9999,阿賀野川,胡桃山内水
1009,37.609,139.821,2742,阿賀川,山科
1010,37.557,139.858,1311,阿賀川,宮古
1011,37.406,139.916,882,阿賀川,馬越
1012,37.393,139.926,868,阿賀川,小谷
1013,37.262,139.87,547,阿賀川,若水
1014,37.205,139.782,226,阿賀川,田島
1015,37.577,139.768,2765,只見川,片門
1016,37.593,139.885,1033,日橋川,南大橋
1017,37.59,139.897,896,日橋川,東大橋
1018,37.301,139.932,179,鶴沼川,鶴沼川
1019,37.625,138.91,355,信濃川下流,尾崎
1020,37.638,138.949,769,信濃川下流,荒町
1021,37.694,139.034,895,信濃川下流,保明新田
1022,37.784,139.058,940,信濃川下流,臼井橋
1023,37.835,139.062,1146,信濃川下流,新酒屋
1024,37.882,139.014,1260,信濃川下流,帝石橋
1025,37.941,139.061,1420,信濃川下流,西港
1026,37.519,138.929,186.1,刈谷田川,見附
1027,37.822,139.002,390,中ノ口川,板井
1028,37.545,139.088,219,五十嵐川,荒沢
1029,37.631,139.096,46,加茂川,黒水
1030,37.824,139.152,-9999,小阿賀野川,七日町
1031,37.664,138.789,10524,大河津分水路,渡部
1032,37.609,138.842,10387,信濃川中流,大河津
1033,37.448,138.836,10199,信濃川中流,長岡
1034,37.309,138.801,9719,信濃川中流,小千谷
1035,37.247,138.803,8129,信濃川中流,岩沢
1036,37.096,138.718,7959,信濃川中流,十日町（姿）
1037,36.989,138.586,7177,信濃川中流,宮野原
1038,37.242,138.931,1408,魚野川,堀之内
1039,37.23,138.957,879,魚野川,小出
1040,37.17,138.927,674,魚野川,浦佐
1041,37.062,138.881,355,魚野川,六日町
1042,37.553,138.82,10275,信濃川中流,与板
1043,37.142,138.996,38.2,水無川（信濃川）,大倉
1044,36.989,138.889,75,登川,登川
1045,36.958,138.918,25.5,登川,清水
1046,36.941,138.814,148,魚野川,大河原
1047,36.925,138.646,307.5,中津川,清水川原
1048,36.878,138.863,29.4,魚野川,土樽
1049,36.273,138.419,1179,千曲川,塩名田
1050,36.37,138.282,2036.4,千曲川,生田
1051,36.533,138.112,2595.9,千曲川,杭瀬下
1052,36.732,138.309,6442.3,千曲川,立ヶ花
1053,36.892,138.402,6821.4,千曲川,大倉崎
1054,36.917,138.398,6859.2,千曲川,柏尾橋
1055,36.218,137.871,559.1,梓川,下島橋
1056,36.287,137.943,1236,犀川,熊倉
1057,36.396,137.927,2335,犀川,陸郷
1058,36.62,138.142,3773,犀川,小市
1059,36.267,137.944,643.5,奈良井川,島橋
1060,36.18,137.789,75.3,島々谷川,島々谷
1061,37.041,139.061,-9999,三国川,内膳落合
1062,37.053,138.976,-9999,三国川,当ノ坂
1063,37.053,138.965,-9999,三国川,小川
1064,37.062,138.935,-9999,三国川,深沢
1065,36.512,137.816,-9999,高瀬川,大出橋
1066,37.031,138.267,397,関川,二子島
1067,37.116,138.264,703,関川,高田
1068,37.078,138.255,120,矢代川,石沢
1069,37.158,138.425,150,保倉川,有島
1070,37.179,138.287,332,保倉川,佐内
1071,36.986,137.871,698,姫川,山本
1072,36.719,137.829,-9999,松川,松川
1073,36.814,137.589,637,黒部川,宇奈月
1074,36.859,137.555,667,黒部川,愛本
1075,36.786,137.629,117.6,黒薙川,黒薙
1076,36.576,137.343,344,常願寺川,瓶岩
1077,36.603,137.314,350,常願寺川,大川寺
1078,36.73,137.283,365.7,常願寺川,常願寺橋
1079,36.572,137.185,2065,神通川,大沢野大橋
1080,36.701,137.204,2688,神通川,神通大橋
1081,36.746,137.218,2776,神通川,萩浦橋
1082,36.624,137.21,127,熊野川,熊野橋
1083,36.662,137.2,127.9,熊野川,八幡橋
1084,36.591,137.143,25.1,井田川,杉原橋
1085,36.688,137.184,408.3,井田川,高田橋
1086,36.332,137.301,635.2,高原川,西里橋
1087,36.579,136.991,1099.8,庄川,雄神
1088,36.735,137.044,1120,庄川,大門
1089,36.728,137.047,62,和田川,和田川
1090,36.625,136.892,280,小矢部川,津沢
1091,36.681,136.883,358.7,小矢部川,石動
1092,36.758,136.983,569,小矢部川,長江
1093,36.588,136.903,78.8,山田川,福野
1094,36.654,136.86,59.5,渋江川,蓮沼
1095,36.693,136.869,62,子撫川,子撫川
1096,36.168,136.632,136.9,手取川,風嵐
1097,36.232,136.639,207.6,手取川,尾口大橋
1098,36.273,136.648,248.2,手取川,女原
1099,36.413,136.631,732,手取川,中島
1100,36.449,136.62,747.6,手取川,鶴来
1101,36.488,136.481,809.2,手取川,美川
1102,36.291,136.649,187,尾添川,瀬戸
1103,36.404,136.514,167.3,梯川,埴田
1104,36.416,136.451,211.5,梯川,小松大橋
1105,36.414,136.441,221.5,梯川,牧
1106,36.37,136.444,1.1,木場潟,木場潟
1107,34.991,138.939,322,狩野川,大仁
1108,35.039,138.944,390,狩野川,千歳橋
1109,35.042,138.935,390,狩野川,古奈
1110,35.043,138.935,430,狩野川,墹之上
1111,35.072,138.919,551,狩野川,新城
1112,35.092,138.901,568,狩野川,徳倉
1113,35.099,138.87,849,狩野川,黒瀬
1114,35.073,138.94,76,来光川,蛇ヶ橋
1115,35.09,138.936,88,大場川,大場
1116,35.099,138.166,2.3,柿田川,柿田
1117,35.118,138.886,259,黄瀬川,本宿
1118,35.042,138.93,-9999,放水路,鏡橋
1119,35.04,138.906,4.2,放水路,口野（廃止）
1120,35.201,138.912,166.5,黄瀬川,石脇
1121,35.071,138.37,288,安倍川,牛妻
1122,34.958,138.365,537,安倍川,手越
1123,35.016,138.269,112,藁科川,奈良間
1125,34.883,138.108,1160,大井川,神座
1126,34.829,138.209,1241,大井川,細島
1127,34.795,138.253,1276,大井川,富士見橋
1128,34.848,138.144,-9999,大井川,赤松
1129,34.821,138.149,-9999,大代川,大代川
1130,35.189,138.197,475.9,大井川,閑蔵
1131,35.196,138.182,29.6,大井川,関の沢
1133,34.766,138.097,32.45,菊川,潮海寺
1134,34.739,138.089,34.2,菊川,加茂
1135,34.695,138.073,69.7,菊川,嶺田
1136,34.665,138.064,144.6,菊川,国安
1137,34.656,138.062,150,菊川,河口
1138,34.732,138.094,10.93,牛淵川,横地
1139,34.68,138.087,33.1,牛淵川,堂山
1140,34.692,138.053,10.3,下小笠川,川久保
1141,35.085,137.801,4530,天竜川,佐久間
1142,34.854,137.805,4880,天竜川,鹿島
1143,34.741,137.816,4955,天竜川,池田
1144,34.729,137.801,4955,天竜川,中ノ町
1145,34.677,137.796,4985,天竜川,掛塚
1146,35.058,137.773,351,大千瀬川,浦川
1147,34.953,137.883,317,気田川,犬居
1148,35.138,137.702,76.5,大入川,川合
1149,35.157,137.749,33.3,古真立川,大立
1150,34.93,137.836,4775,天竜川,上島
1151,35.965,137.984,730.8,天竜川,伊那富
1152,35.877,137.986,818.1,天竜川,北殿
1153,35.837,137.961,968.4,天竜川,伊那
1154,35.808,137.947,1515.4,天竜川,沢渡
1155,35.741,137.966,1659.4,天竜川,下平
1156,35.596,137.93,2224.3,天竜川,宮ヶ瀬
1157,35.55,137.89,2320.3,天竜川,市田
1158,35.499,137.864,2569.9,天竜川,伊久間
1159,35.462,137.832,2620.2,天竜川,時又
1160,35.441,137.819,2670.7,天竜川,天竜峡
1161,35.833,138.009,480.4,三峰川,上新田
1162,35.748,137.912,-9999,太田切川,太田切
1163,35.717,138.099,-9999,三峰川,杉島
1165,35.835,138.055,-9999,三峰川,高遠
1166,35.773,138.122,-9999,三峰川,鷹岩
1167,35.606,137.978,288,小渋川,小渋ダム
1168,34.985,137.525,248.8,豊川,布里
1169,34.967,137.554,300,豊川,長楽
1170,34.866,137.447,611,豊川,東上
1171,34.891,137.495,545,豊川,石田
1172,34.834,137.424,623.5,豊川,向河原
1173,34.811,137.419,634,豊川,当古
1174,34.804,137.401,21,豊川放水路,放水路第１
1175,34.801,137.402,658.4,豊川,行明
1176,34.772,137.385,703.5,豊川,豊橋
1177,34.781,137.331,724,豊川,前芝
1178,34.979,137.559,-9999,海老川,海老川
1179,34.932,137.574,170.9,宇連川,内金
1180,34.802,137.399,658.4,豊川放水路,放水路第２
1181,34.791,137.368,658.4,豊川放水路,放水路第４
1182,34.788,137.413,4.6,下条霞,暮川
1183,35.09,137.166,1004.8,矢作川,高橋
1184,35.003,137.167,1355.9,矢作川,岩津
1185,34.962,137.152,1398.7,矢作川,岡崎
1186,34.896,137.098,1656.7,矢作川,木戸
1187,34.889,137.059,1657,矢作川,米津
1188,34.828,136.971,-9999,矢作川,碧南
1189,35.055,137.214,313.9,巴川,九久平
1190,34.95,137.176,246.6,乙川,明大寺
1191,34.859,137.076,1656,矢作古川,寄近
1192,35.232,137.36,-9999,矢作川,小渡
1193,35.152,137.218,821,矢作川,猿投
1194,35.261,137.526,-9999,根羽川,押山
1195,35.27,137.479,-9999,上村川,澄ヶ瀬
1196,35.219,137.508,-9999,名倉川,真弓
1197,35.406,137.322,23.9,佐々良木川,佐々良木
1198,35.363,137.256,209,庄内川,瑞浪
1199,35.358,137.19,285,庄内川,土岐
1200,35.334,137.127,367,庄内川,多治見
1201,35.252,137.019,532,庄内川,志段味
1202,35.214,136.933,600,庄内川,味鋺
1203,35.221,136.908,-9999,庄内川,洗堰
1204,35.208,136.879,-9999,庄内川,小田井（越流堤）
1205,35.203,136.875,705,庄内川,枇杷島
1206,35.109,136.836,712,庄内川,当知
1207,35.236,136.944,15.5,八田川,春日井
1208,35.21,136.929,105,矢田川,瀬古
1209,35.18,137.046,-9999,香流川,岩作
1210,35.193,136.867,-9999,庄内川,枇杷島橋
1211,35.436,137.034,4632,木曽川,今渡
1212,35.401,136.963,4684,木曽川,犬山
1213,35.37,136.823,-9999,木曽川,川島大橋
1214,35.356,136.829,-9999,木曽川,河田橋
1215,35.363,136.762,4956,木曽川,笠松
1216,35.312,136.738,4956,木曽川,起
1217,35.915,137.204,869,飛騨川,上呂
1218,35.578,137.189,2020,飛騨川,白川口
1219,35.738,136.947,525,長良川,稲成
1220,35.55,136.909,1076,長良川,美濃
1221,35.46,136.836,1598,長良川,芥見
1222,35.441,136.774,1608,長良川,長良
1223,35.429,136.75,1607,長良川,忠節
1224,35.398,136.701,-9999,長良川,穂積
1225,35.362,136.688,1914,長良川,墨俣
1226,35.33,136.689,1959.9,長良川,間島（廃止）
1227,35.273,136.676,1967,長良川,南濃大橋
1228,35.604,136.839,241,板取川,下洞戸
1229,35.476,136.86,287,津保川,関
1230,35.542,136.828,146,武儀川,谷口
1231,35.45,136.735,121,伊自良川,古川橋
1232,35.393,136.759,-9999,荒田川,荒田川放水路
1233,35.384,136.716,13.6,荒田川,出村
1234,35.372,136.752,50.8,境川,八幡橋(廃止)
1235,35.481,136.569,606,揖斐川,岡島
1236,35.36,136.658,1196,揖斐川,万石
1237,35.475,136.524,117.29,粕川,市場
1238,35.632,136.616,229,根尾川,板所
1239,35.51,136.656,386.8,根尾川,山口
1240,35.291,136.473,68.37,牧田川,文條橋
1241,35.291,136.473,68.37,None,None
1242,35.306,136.594,180,牧田川,烏江
1243,35.355,136.595,45,杭瀬川,塩田橋
1244,35.308,136.596,174,杭瀬川,高渕
1245,35.507,136.659,384.76,根尾川,山口（廃止）
1246,35.695,136.484,221.2,揖斐川,徳山（廃止）
1247,35.642,136.5,272,揖斐川,杉原
1248,35.598,136.42,114,坂内川,広瀬
1249,35.238,136.674,4968,木曽川,木曽成戸
1250,35.226,136.679,4968,木曽川,木曽成戸第2
1251,35.184,136.681,4975,木曽川,葛木
1252,35.132,136.68,4978,木曽川,木曽船頭平
1253,35.11,136.714,4982,木曽川,弥富
1254,35.053,136.728,4987,木曽川,横満蔵
1255,35.252,136.622,1605,揖斐川,今尾
1256,35.213,136.624,1607,揖斐川,西小島
1257,35.135,136.67,1802,揖斐川,揖斐油島
1258,35.027,136.71,1839,揖斐川,城南
1259,35.14,136.65,14.6,多度川,多度橋
1260,35.126,136.654,23.8,肱江川,肱江川
1261,35.238,136.674,1971,長良川,長良成戸
1262,35.189,136.67,1973,長良川,外浜
1263,35.135,136.67,1976,長良川,長良油島
1264,35.087,136.695,1981,長良川,長島
1265,35.762,137.704,1060,木曽川,桃山
1266,35.48,137.384,2188,木曽川,大井
1267,35.474,137.139,2425,木曽川,八百津
1268,35.535,137.446,203,付知川,知原
1269,34.849,136.443,92,鈴鹿川,亀山
1270,34.876,136.514,208,鈴鹿川,中富田
1271,34.902,136.595,269,鈴鹿川,高岡
1272,34.907,136.617,268.6,派川,南川
1273,34.883,136.484,89,安楽川,川崎
1274,34.919,136.596,51,内部川,河原田
1275,34.645,136.408,304,雲出川,大仰
1276,34.657,136.467,432.6,雲出川,須賀瀬橋
1277,34.649,136.5,-9999,雲出川,舞出
1278,34.647,136.513,541,雲出川,雲出橋
1279,34.657,136.535,545.7,雲出古川,川原
1280,34.674,136.416,-9999,長野川,入田橋
1281,34.651,136.425,25,波瀬川,下川原橋
1282,34.588,136.4,37.5,中村川,三谷橋
1283,34.62,136.453,77,中村川,島田橋
1284,34.648,136.474,8.5,赤川,平生
1285,34.506,136.54,389,櫛田川,両郡
1286,34.524,136.572,418,櫛田川,櫛田頭首工
1287,34.546,136.585,423,櫛田川,櫛田橋
1288,34.489,136.555,15,佐奈川,西山橋
1289,34.351,136.162,32,蓮川,三軒屋
1290,34.387,136.16,21,青田川,青田
1291,34.381,136.222,82,蓮川,塩ヶ瀬
1292,34.422,136.285,210,櫛田川,田引
1293,34.464,136.654,780,宮川,岩出
1294,34.483,136.711,6,勢田川,岡本
1295,34.5,136.731,15,勢田川,勢田大橋
1296,34.508,136.736,19.6,勢田川,防潮水門内
1297,34.494,136.683,788.7,宮川,度会橋
1298,34.623,136.657,-9999,伊勢湾,浜田
1299,35.152,137.218,-9999,矢作川,猿投
1300,33.75,135.938,2251,熊野川,相賀
1301,33.739,135.98,2295,熊野川,鮒田（外）
1302,33.736,135.988,2342,熊野川,成川
1303,33.724,136.008,2360,熊野川,あけぼの(外)
1304,33.761,135.976,37.8,相野谷川,高岡
1305,33.739,135.98,45.6,相野谷川,鮒田（内）
1306,33.718,135.996,5,市田川,下田
1307,33.724,136.008,7.1,市田川,あけぼの(内)
1308,33.739,135.981,-9999,熊野川,鮒田（外）
1309,33.78,135.987,-9999,相野谷川,大里
1310,33.739,135.981,-9999,相野谷川,鮒田（内）
1311,34.207,135.768,141.6,熊野川,広瀬（廃止）
1312,34.178,135.742,203.7,熊野川,猿谷
1313,34.213,135.835,120.8,熊野川,九尾
1314,34.167,135.758,214.2,熊野川,辻堂
1315,34.158,135.742,132.33,川原樋川,キリキ谷
1316,34.133,135.696,103.6,川原樋川,川原樋
1317,34.347,135.692,634.4,紀の川,五條
1318,34.326,135.658,802.8,紀の川,隅田
1320,34.315,135.614,835.2,紀の川,橋本
1321,34.299,135.573,896.8,紀の川,応其
1322,34.293,135.559,900.1,紀の川,九度山
1323,34.294,135.523,1048.9,紀の川,三谷
1324,34.268,135.441,1136.2,紀の川,麻生津
1325,34.263,135.421,1156.2,紀の川,荒見
1326,34.247,135.371,1216.3,紀の川,竹房
1327,34.25,135.313,1558,紀の川,船戸第一（廃止）
1328,34.251,135.311,1558,紀の川,船戸
1329,34.251,135.31,1558,紀の川,船戸第二
1330,34.249,135.261,1583.9,紀の川,布施屋
1331,34.251,135.25,1599,紀の川,永穂
1332,34.248,135.227,1614.2,紀の川,小豆島
1333,34.258,135.204,1630.2,紀の川,六十谷（廃止）
1334,34.228,135.157,1635,紀の川,湊
1335,34.163,135.279,218.9,貴志川,野上
1336,34.207,135.313,256.7,貴志川,井ノ口
1337,34.218,135.327,260,貴志川,貴志
1338,34.237,135.336,308,貴志川,高島
1339,34.28,135.015,-9999,紀の川,友ヶ島
1340,34.288,136.003,123.7,紀の川,柏木
1341,34.328,135.701,134.25,大和丹生川,丹原（廃止）
1342,34.366,135.939,268,紀の川,衣引
1343,34.393,135.87,463.7,紀の川,妹背
1345,34.309,136.02,35.7,中奥川,中奥
1346,34.4,135.965,123.4,高見川,高見
1347,34.598,135.769,250,大和川,板東
1348,34.592,135.745,523,大和川,河合
1349,34.599,135.71,655,大和川,王寺
1350,34.586,135.684,743,大和川,藤井
1351,34.571,135.636,753,大和川,国豊橋
1352,34.582,135.617,962,大和川,柏原
1353,34.59,135.497,1065.6,大和川,香ヶ丘
1354,34.606,135.452,1070,大和川,堺
1355,34.625,135.791,105,佐保川,番条
1356,34.584,135.751,163,曽我川,保田
1357,34.601,135.719,52.9,竜田川,新竜田（廃止）
1358,34.59,135.709,45.5,葛下川,張井（廃止）
1359,34.57,135.621,45.5,石川,道明寺
1360,34.595,135.489,1066,大和川,遠里小野
1361,34.586,135.755,312.3,大和川,太子橋（廃止）
1362,34.595,135.775,-9999,琵琶湖,塩津
1363,35.455,136.198,-9999,琵琶湖,片山
1364,35.283,136.248,-9999,琵琶湖,彦根
1365,35.294,136.013,-9999,琵琶湖,大溝
1366,35.204,136.061,-9999,琵琶湖,沖ノ島
1367,35.116,135.926,45,琵琶湖,堅田
1368,35.014,135.861,-9999,琵琶湖,三保ヶ崎
1369,34.973,135.906,3783,瀬田川,鳥居川
1370,34.941,135.911,3802,瀬田川,千町
1371,34.936,135.913,3805,瀬田川,瀬浚
1372,34.931,135.916,3999,瀬田川,関ノ津
1373,34.941,135.916,193,大戸川,黒津
1374,34.986,136.119,-9999,野洲川,三雲1（廃止）
1375,34.986,136.119,298,野洲川,三雲
1376,35.02,136.063,363,野洲川,中郡橋
1377,35.023,136.045,374,野洲川,石部上
1378,35.024,136.044,375.6,野洲川,石部下
1379,35.062,136.004,388,野洲川,野洲
1380,35.102,135.989,391,野洲川,服部
1381,35.018,135.965,36,琵琶湖,旭橋
1382,35.402,136.233,359.8,高時川,野寺橋
1383,35.109,136.053,-9999,日野川,仁保橋
1384,34.961,136.193,142.8,野洲川,新城上
1385,34.962,136.191,142.9,野洲川,新城下
1386,34.967,136.145,160,野洲川,柏貴
1387,34.96,136.14,125.7,野洲川,宇川
1388,34.926,136.067,98.7,大戸川,黄瀬
1390,35.013,135.943,42,草津川,西矢倉
1391,35.096,135.913,-9999,琵琶湖,雄琴沖
1392,34.917,136.078,86.6,大戸川,内裏野橋
1393,34.894,135.804,4218,宇治川,宇治
1394,34.927,135.77,4282,宇治川,向島
1395,34.898,135.718,4354,宇治川,淀
1396,34.89,135.686,4354,宇治川,宇治川三川
1397,34.868,135.669,7050,淀川,高浜
1398,34.814,135.634,7281,淀川,枚方
1400,34.724,135.518,7281,淀川,本川毛馬
1401,34.699,135.468,-9999,淀川,福島
1403,34.958,135.811,32,山科川,勧修寺
1404,34.759,135.869,1456,木津川,加茂
1405,34.767,135.803,1526,木津川,祝園
1406,34.802,135.798,1559,木津川,飯岡
1407,34.886,135.704,1596,木津川,八幡
1408,35.204,135.748,66,桂川,上黒田
1409,35.089,135.511,540,桂川,新町
1410,35.017,135.588,681,桂川,亀岡
1411,35.015,135.607,727,桂川,請田
1412,35.027,135.647,741,桂川,保津峡
1413,35.012,135.679,818,桂川,天竜寺
1414,34.982,135.713,887,桂川,桂
1415,34.928,135.73,1090,桂川,羽束師
1416,34.908,135.718,1100,桂川,納所
1417,34.966,135.759,156,鴨川,深草
1420,34.694,135.523,-9999,淀川,桜の宮
1422,34.686,135.483,-9999,淀川,西の鼻
1423,34.829,135.614,62,芥川,芥川
1424,34.906,135.37,59.3,猪名川,南田原
1425,34.873,135.396,235.2,猪名川,虫生
1426,34.854,135.415,255.1,猪名川,銀橋
1428,34.826,135.422,309.8,猪名川,小戸
1429,34.797,135.423,322.8,猪名川,軍行橋
1430,34.77,135.434,360.5,猪名川,猪名川橋
1431,34.764,135.454,377.2,猪名川,利倉
1432,34.763,135.438,360.4,藻川,上食満
1433,34.937,135.409,68,一庫大路次川,千軒（機構）
1434,34.737,135.453,383,猪名川,戸ノ内
1435,34.889,135.469,22.8,余野川,上止々呂美
1436,34.856,135.441,40.7,余野川,吉田橋上流
1437,34.851,135.443,40.7,余野川,吉田橋（廃止）
1440,34.711,136.154,149.4,木津川,依那古
1441,34.745,136.121,175.5,木津川,大内
1442,34.747,136.118,184,木津川,大野木橋（廃止）
1443,34.759,136.115,215.2,木津川,朝屋
1444,34.764,136.114,218.1,木津川,長田（廃止）
1445,34.778,136.1,501.4,木津川,岩倉
1446,34.768,136.058,524.9,木津川,島ヶ原
1447,34.766,135.965,1198.8,木津川,上有市
1448,34.774,136.161,94,服部川,荒木
1449,34.785,136.123,263,服部川,伊賀上野橋
1450,34.801,136.163,154,柘植川,佐那具
1451,34.612,136.148,77.1,名張川,比奈知（廃止）
1452,34.616,136.11,87,名張川,中川原（廃止）
1453,34.62,136.082,428.6,名張川,名張
1454,34.652,136.078,465.5,名張川,家野（機構）
1455,34.598,136.063,211.2,宇陀川,安部田（機構）
1458,34.88,135.828,352,宇治川,天ヶ瀬
1459,34.886,135.813,17.3,宇治川,槇尾山
1460,34.945,136.004,153.5,大戸川,大鳥居
1461,35.113,134.997,223.4,加古川,小野前
1462,35.063,135.008,582,加古川,船町
1463,34.964,134.973,893.2,加古川,板波
1464,34.899,134.938,973.4,加古川,大門
1465,34.838,134.921,1319,加古川,大島
1466,34.801,134.915,1656,加古川,国包
1467,34.748,134.808,1730,加古川,藍屋
1468,35.082,135.042,280,篠山川,谷川
1469,34.879,134.95,152.2,東条川,古川第二
1470,34.857,134.901,149.4,万願寺川,万願寺
1471,34.802,134.951,282,美嚢川,別所橋
1472,34.876,134.953,152.2,東条川,古川（廃止）
1473,34.798,134.991,259.7,美嚢川,三木（廃止）
1474,34.806,134.932,289.5,美嚢川,正法寺（廃止）
1475,35.129,134.592,154.1,揖保川,下三方
1476,35.1,134.583,383.1,揖保川,曲里
1477,34.997,134.553,485.7,揖保川,山崎第二
1478,34.866,134.549,622.4,揖保川,龍野
1479,34.804,134.561,795.5,揖保川,上川原
1480,34.78,134.584,798.2,揖保川,網干
1481,34.921,134.54,52.2,栗栖川,東栗栖
1482,34.973,134.583,48.6,林田川,塩野
1483,34.853,134.565,82.4,林田川,誉
1484,34.814,134.556,95.8,林田川,構
1485,34.78,134.573,802.5,中川,浜田
1486,35.208,134.62,25,公文川,西公文
1487,35.172,134.621,21.3,草木川,福野
1488,34.999,134.554,484.9,揖保川,山崎（廃止）
1489,34.944,134.551,538.8,揖保川,香島（廃止）
1490,36.099,136.298,1206,九頭竜川,五松橋
1491,36.103,136.208,1240,九頭竜川,中角
1492,36.111,136.185,1308,九頭竜川,高屋
1493,36.146,136.163,2633,九頭竜川,布施田
1494,36.205,136.146,2716,九頭竜川,三国
1496,36.008,136.164,688,日野川,三尾野
1497,36.05,136.17,761,日野川,久喜津
1498,36.086,136.185,1281,日野川,深谷
1499,36.021,136.289,351,足羽川,天神橋
1500,36.012,136.307,333.2,足羽川,下新橋
1501,35.995,136.373,251.4,足羽川,上宇坂
1502,35.941,136.373,34.2,足羽川,小畑
1503,35.871,136.752,10.3,九頭竜川,箱ヶ瀬
1504,35.905,136.667,338,九頭竜川,朝日
1505,35.948,136.728,96.8,石徹白川,石徹白
1506,35.92,136.671,142.75,石徹白川,山原
1507,35.972,136.631,122,打波川,下打波（廃止）
1508,35.878,136.508,191,真名川,中島
1509,35.896,136.526,202.6,真名川,上若生子
1510,35.937,136.553,237.8,真名川,五条方下流
1511,35.991,136.518,249.6,真名川,麻生島
1512,35.449,135.897,62,北川,新道
1513,35.469,135.843,99,北川,天徳寺
1514,35.493,135.78,202,北川,高塚
1515,35.507,135.746,223,北川,西津
1516,35.301,135.267,755.2,由良川,綾部
1517,35.311,135.171,929.6,由良川,戸田
1518,35.304,135.124,1344.3,由良川,福知山
1519,35.343,135.111,1617.9,由良川,天津上
1520,35.384,135.156,1745.4,由良川,波美
1521,35.389,135.183,-9999,由良川,大雲橋
1522,35.428,135.222,1797.3,由良川,地頭
1523,35.452,135.27,1857,由良川,大川橋
1524,35.484,135.283,1871.3,由良川,西島
1525,35.512,135.285,1871.3,由良川,由良
1526,35.273,135.159,379.5,土師川,長田
1527,35.323,135.686,-9999,由良川,田歌
1531,35.215,135.236,124.7,土師川,三和（廃止）
1536,35.337,134.86,226.1,円山川,京口
1537,35.419,134.789,700,円山川,上小田
1538,35.452,134.774,729.3,円山川,赤崎
1539,35.483,134.799,837,円山川,府市場
1540,35.544,134.828,1090.2,円山・奈佐川,立野
1541,35.588,134.8,1246.2,円山川,玄武洞
1542,35.608,134.804,1255.8,円山川,結和橋
1543,35.627,134.816,1254.6,円山川,城崎
1544,35.32,134.61,42,大屋川,中間
1545,35.371,134.765,220.3,大屋川,十二所
1546,35.464,134.868,194.7,出石川,弘原
1547,35.548,134.786,36.6,奈佐川（上流）,宮井
1548,35.274,134.224,210.6,千代川,智頭
1549,35.342,134.202,353,千代川,用瀬
1550,35.415,134.203,871,千代川,袋河原
1551,35.5,134.214,1054,千代川,行徳
1552,35.534,134.198,1138,千代川,賀露
1553,35.349,134.398,153,八東川,若桜
1554,35.403,134.214,404,八東川,片山
1555,35.458,134.298,-9999,袋川,谷
1556,35.479,134.268,85,新袋川,宮ノ下
1557,35.514,134.228,-9999,袋川,湯所下流
1558,35.537,134.194,0,港湾内,賀露港
1559,35.446,134.337,38,新袋川,殿
1560,35.332,133.838,74.9,天神川,穴鴨
1561,35.442,133.846,240,天神川,竹田橋
1562,35.46,133.84,464,天神川,小田
1563,35.503,133.859,500,天神川,長瀬
1564,35.409,133.897,86,三徳川,三朝
1565,35.38,133.638,4.9,小鴨川,西鴨１号
1566,35.379,133.655,17.3,小鴨川,野添１号
1567,35.364,133.686,20.6,小鴨川,小鴨４号
1568,35.381,133.776,92,小鴨川,若土
1569,35.431,133.81,139,小鴨川,河原町
1570,35.428,133.745,30,国府川,高城
1571,35.423,133.791,68,国府川,福光
1572,35.191,133.331,343,日野川,福長
1573,35.244,133.445,465,日野川,三谷
1574,35.344,133.435,660,日野川,溝口
1575,35.387,133.402,723,日野川,大殿
1576,35.431,133.364,860,日野川,車尾
1577,35.456,133.373,870,日野川,皆生
1578,35.239,133.271,43,印賀川,大宮
1579,35.301,133.571,10,俣野川,俣野川
1580,35.292,133.493,17.1,小江尾川,小江尾川
1581,35.321,133.457,10.7,白水川,白水川
1582,35.356,133.435,24.6,大江川,大江川
1583,35.338,133.324,61,法勝寺川,法勝寺
1584,35.407,133.363,118,法勝寺川,福市
1586,35.248,132.897,445,斐伊川,日登
1587,35.291,132.896,451,斐伊川,木次
1588,35.325,132.882,732.4,斐伊川,新伊萱
1589,35.34,132.83,894.8,斐伊川,上島
1590,35.369,132.783,911.4,斐伊川,大津
1591,35.428,132.834,915.3,斐伊川,灘分
1592,35.458,132.873,1318.5,宍道湖,東
1593,35.422,132.946,1318.5,宍道湖,来待
1594,35.45,132.949,1318.5,宍道湖,宍道湖湖心
1595,35.473,133.021,1318.5,宍道湖,浜佐陀
1596,35.461,133.053,1318.5,宍道湖,白潟
1597,35.466,133.053,1318.5,宍道湖,松江
1598,35.467,133.059,1318.5,大橋川,松江流量
1599,35.453,133.102,1373.8,大橋川,矢田
1600,35.451,133.124,1377.2,大橋川,八幡
1601,35.466,133.191,2054.3,中海,中海湖心
1602,35.432,133.3,2054.3,中海,米子湾
1603,35.511,133.201,2054.3,中海,江島
1604,35.561,133.311,-9999,斐伊川,美保関
1605,35.294,132.88,195.8,三刀屋川,新三刀屋
1606,35.341,132.912,122,赤川,町上
1608,35.528,132.973,0,佐陀川,恵曇
1609,35.338,132.764,437,神戸川,馬木
1610,35.35,132.74,-9999,神戸川,古志橋
1611,35.347,132.686,-9999,神戸川,妙見橋
1612,34.949,132.64,2890,江の川,都賀
1613,35.069,132.601,3123,江の川,浜原
1614,34.995,132.504,3229,江の川,川本
1615,34.957,132.382,3435,江の川,大貫
1616,34.968,132.324,3799,江の川,谷住郷
1617,34.981,132.304,3783,江の川,長良
1618,34.998,132.284,3807,江の川,川平
1619,35.015,132.227,3870,江の川,江津
1620,34.641,132.621,3870,江の川,下土師
1621,34.665,132.715,400,江の川,吉田
1622,34.728,132.783,400,江の川,上川立
1623,34.791,132.832,671,江の川,粟屋
1624,34.812,132.841,1981,江の川,尾関山
1625,34.888,132.678,2633,江の川,大津
1626,34.803,132.883,680,馬洗川,南畑敷
1627,34.863,133.012,263,西城川,庄原
1628,34.817,132.847,631,西城川,三次
1629,34.83,132.806,327,神野瀬川,神野瀬川
1630,34.781,132.949,277.3,上下川,市場
1631,34.743,133.036,95.5,上下川,上安田
1632,34.791,132.986,218.3,上下川,計納
1633,34.783,133.046,88.7,田総川,竹の花
1634,34.783,133.046,521,西城川,西城川（移管）
1635,34.786,132.98,277.3,上下川,市場
1636,34.678,132.57,251,江の川,川井
1637,34.641,132.621,308,江の川,下土師
1638,34.533,131.857,381,高津川,円の谷
1639,34.546,131.834,548,高津川,日原
1640,34.607,131.798,615,高津川,神田
1641,34.676,131.825,1076,高津川,高角
1642,34.613,131.824,357,匹見川,隅村
1643,34.624,131.806,358,匹見川,横田
1644,34.665,131.801,60,白上川,内田
1645,34.234,131.662,152.2,佐波川,八坂
1646,34.189,131.654,26.3,佐波川,堀
1647,34.18,131.644,338,佐波川,漆尾
1648,34.104,131.595,403.9,佐波川,真尾
1649,34.064,131.558,423.1,佐波川,新橋
1650,34.036,131.5,460,佐波川,西之浦
1651,34.232,131.677,43,三谷川2,三谷
1652,34.199,131.777,22.8,島地川,仁保津
1653,34.148,131.736,78,島地川,和田
1654,34.188,131.657,127.6,島地川,島地
1655,34.228,132.177,323,小瀬川,小川津
1656,34.21,132.195,330,小瀬川,両国橋
1657,34.208,132.242,342,小瀬川,和木
1658,34.275,132.134,255,小瀬川,下ヶ原
1659,34.234,132.171,301.3,小瀬川,八丁（廃止）
1660,34.226,132.199,323,小瀬川,防鹿
1661,34.223,132.125,11.8,長谷川,日宛
1662,34.58,132.21,153,太田川,吉和郷
1663,34.573,132.232,291,太田川,土居
1664,34.609,132.32,635,太田川,加計
1665,34.536,132.434,1082,太田川,飯室
1666,34.512,132.506,1143,太田川,中野
1667,34.484,132.51,1505,太田川,玖村
1668,34.462,132.494,1527,太田川,矢口第一
1669,34.426,132.462,1593,太田川,長和久
1670,34.424,132.459,1593,太田川,祇園大橋
1671,34.363,132.404,1700,太田川放水路,草津
1672,34.524,132.316,123,水内川,湯来
1673,34.572,132.371,97,西宗川,西宗
1674,34.553,132.66,115,三篠川,白木
1675,34.484,132.534,271,三篠川,中深川
1676,34.507,132.516,86,根谷川,新川橋
1677,34.451,132.473,66,古川,古川
1678,34.458,132.476,58,安川,安大橋
1679,34.414,132.465,1593.5,京橋川,工兵橋
1680,34.407,132.458,1594,旧太田川,三篠橋
1681,34.362,132.432,1690,旧太田川,江波（元安川）
1682,34.668,132.299,-9999,滝山川,黒滝
1683,34.625,132.301,-9999,滝山川,後平
1684,34.616,132.318,-9999,滝山川,滝山
1685,34.599,133.187,297.3,芦田川,矢野原
1686,34.564,133.236,488.9,芦田川,府中
1687,34.544,133.286,580,芦田川,上戸手
1688,34.522,133.354,648.4,芦田川,郷分
1689,34.493,133.34,798.8,芦田川,山手
1690,34.555,133.277,75.8,神谷川,新市
1691,34.574,133.418,30.1,高屋川,神辺
1692,34.544,133.381,-9999,高屋川,掛ノ橋
1693,34.52,133.358,146,高屋川,御幸
1694,34.484,133.341,59.5,瀬戸川,西神島
1695,34.629,133.11,193.9,芦田川,伊尾
1696,34.591,133.152,241.6,芦田川,永野山
1697,34.53,133.332,648.5,芦田川,山守橋
1698,34.635,133.11,58.9,矢多田川,矢多田川
1699,34.568,133.128,19.3,宇津戸川,宇津戸川
1700,34.805,133.616,966,高梁川,高梁
1701,34.715,133.681,1986,高梁川,日羽
1702,34.754,133.722,2144.4,高梁川,川辺
1703,34.608,133.745,2644,高梁川,酒津
1704,34.587,133.713,2651.4,高梁川,船穂
1705,34.56,133.697,2667.6,高梁川,上成
1706,34.782,133.25,85.3,帝釈川,入谷(廃止)
1707,34.652,133.394,130.4,小田川,猿鳴(廃止)
1708,34.597,133.478,219,小田川,井原
1709,34.623,133.593,407,小田川,矢掛
1710,34.615,133.627,432,小田川,東三成
1711,34.63,133.714,479.2,小田川,矢形橋
1712,34.61,133.726,0,柳井原湖,柳井原湖
1713,34.742,133.961,1587,旭川,牧山
1714,34.732,133.96,1588,旭川,下牧
1715,34.693,133.944,2,中原川,中原
1716,34.689,133.938,1594,旭川,三野
1717,34.682,133.934,1594.2,旭川,北方
1718,34.662,133.935,1594.4,旭川,出石(廃止)
1719,34.662,133.937,1597.8,旭川,相生橋
1720,34.827,133.841,-9999,宇甘川,宇甘(廃止)
1721,34.799,133.928,193,宇甘川,金川
1722,34.614,133.986,176,百間川,沖田
1723,34.609,133.987,-9999,百間川,沖元
1724,34.674,133.952,-9999,百間川,原尾島橋
1725,34.735,134.034,97,砂川,瀬戸
1726,35.055,133.995,507,吉井川,津山
1727,34.953,134.062,978.8,吉井川,久木
1728,34.921,134.098,1592,吉井川,周匝
1729,34.875,134.104,1675,吉井川,津瀬
1730,34.793,134.11,1905,吉井川,河田原
1731,34.712,134.087,1996,吉井川,御休
1732,34.616,134.035,2057.2,吉井川,九蟠
1733,34.805,134.158,161,金剛川,尺所
1734,35.046,134.261,146.7,吉野川,豊野
1735,35.088,134.209,80.5,梶並川,梶並（廃止）
1736,35.203,134.093,58.4,物見川,物見（廃止）
1737,35.176,133.901,191.3,吉井川,杉
1738,35.089,133.91,241.5,吉井川,原
1739,35.212,133.898,22.3,羽出川,羽出西谷
1740,33.806,132.725,445,重信川,出合
1741,33.794,132.907,78.8,表川,表川
1742,33.826,132.902,55.3,重信川,山之内
1743,33.842,132.791,105.4,石手川,湯渡
1744,33.861,132.814,92.3,石手川,食場
1745,33.896,132.853,57.1,石手川,玉谷
1746,33.778,132.791,56.6,砥部川,砥部川
1747,33.78,132.794,38.2,御坂川,久谷川
1748,33.783,132.874,162.3,重信川,上重信橋
1749,33.809,132.739,143.2,石手川,市坪
1750,33.815,132.753,32.6,小野川,小野川
1751,33.896,132.846,57.5,石手川,玉谷橋
1752,33.899,132.832,11.5,五明川,五明川
1753,33.781,132.884,20.3,拝志川,林川
1754,33.8,132.765,26.4,内川,古川
1755,33.782,132.794,176,重信川,高尾田
1756,33.742,132.831,21.8,御坂川,関屋
1757,33.791,132.812,17.1,内川,西林寺
1758,33.813,132.848,10,小野川,駄場
1759,33.811,132.796,25.5,小野川,小野川中流
1760,33.482,132.646,849,肱川,大川
1761,33.502,132.559,984,肱川,大洲
1762,33.508,132.545,1009,肱川,大洲第二
1763,33.546,132.566,1131,肱川,五郎
1764,33.609,132.484,1211.4,肱川,長浜
1765,33.551,132.655,323.3,小田川,内子
1766,33.488,132.666,371.5,小田川,坊屋敷
1767,33.536,132.599,56.7,矢落川,新谷
1768,33.456,132.687,67.1,河辺川,河辺
1769,33.491,132.743,44.4,河辺川,河久保橋
1770,33.39,132.656,-9999,肱川,畑ヶ谷
1771,33.402,132.736,-9999,黒瀬川,辰ノ口
1772,33.43,132.722,-9999,船戸川,舟戸川
1773,33.456,132.687,67.1,河辺川,河辺（廃止）
1774,33.369,132.646,180,肱川,荒瀬
1775,33.343,132.578,106,肱川,明間
1776,33.376,132.609,38,稲生川,四郎谷
1777,32.944,132.975,-9999,四万十川,間崎
1778,32.954,132.971,2148,四万十川,実崎
1779,32.965,132.973,-9999,四万十川,竹島
1780,32.976,132.962,-9999,四万十川,井沢
1781,32.972,132.953,-9999,四万十川,山路
1782,32.978,132.932,-9999,四万十川,坂本
1783,32.989,132.926,1808,四万十川,具同（無堤）
1784,33.007,132.903,1804,四万十川,具同第二
1785,33.146,132.798,1698,四万十川,津野川
1786,33.194,132.967,942,四万十川,大正
1787,33.183,132.991,-9999,四万十川,瀬里
1788,33.302,133.101,-9999,四万十川,栗ノ木
1789,32.978,132.932,-9999,中筋川,坂本
1790,32.977,132.882,-9999,中筋川,国見
1791,32.962,132.844,94,中筋川,磯ノ川
1792,32.959,132.829,-9999,中筋川,有岡
1793,33,132.932,-9999,後川,大用寺田
1794,33.027,132.931,146,後川,秋田
1795,33.039,132.939,-9999,後川,坂折
1796,33.222,132.728,-9999,広見川,吉野
1797,33.214,132.974,-9999,梼原川,小石
1798,33.208,133.129,-9999,四万十川,窪川
1799,33.004,132.897,-9999,四万十川,入田
1800,32.935,132.98,-9999,四万十川,初崎
1801,33.029,132.933,-9999,後川,麻生
1802,33.011,132.912,-9999,岩田川,岩田
1803,32.965,132.976,-9999,竹島川,竹島川
1804,32.933,132.809,21.7,中筋川,黒川
1805,32.919,132.805,11.35,中筋川,久礼広橋
1806,33.001,132.829,12.98,横瀬川,下向橋
1807,32.922,132.826,4.12,清水川,清水川橋
1808,33.574,133.173,945,仁淀川,川口
1809,33.553,133.414,1463,仁淀川,伊野（無堤）
1810,33.521,133.429,-9999,仁淀川,八田
1811,33.523,133.43,-9999,仁淀川,新八田
1812,33.494,133.448,-9999,仁淀川,中島
1813,33.467,133.481,-9999,仁淀川,仁西
1814,33.608,133.172,133.2,土居川,池川
1815,33.607,133.298,164.97,上八川川,下八川
1816,33.542,133.43,14.7,宇治川,砂ケ森
1817,33.54,133.43,14.7,宇治川,新砂ケ森
1818,33.529,133.355,-9999,日下川,本郷（旧：岩目地）
1819,33.544,133.43,5.28,早稲川,駅南
1820,33.489,133.449,5.28,波介川,小野橋
1821,33.623,132.979,-9999,面河川,仕出
1822,33.539,133.124,-9999,仁淀川,森
1823,33.534,133.25,-9999,仁淀川,越知
1824,33.57,133.326,-9999,仁淀川,不動
1825,33.548,133.394,-9999,仁淀川,加田
1826,33.591,133.693,468,物部川,戸板島
1827,33.568,133.682,468,物部川,深渕（無堤）
1828,33.537,133.689,508.2,物部川,吉川
1829,33.941,134.622,-9999,那賀川,古庄
1830,33.853,134.481,-9999,那賀川,和食
1831,33.927,134.702,-9999,派川那賀川,豊益
1832,33.906,134.619,-9999,桑野川,大原
1833,33.896,134.616,-9999,桑野川,明谷
1834,33.929,134.576,-9999,那賀川,久留米田
1835,33.942,134.591,-9999,那賀川,古毛
1836,33.86,134.501,-9999,那賀川,和食下流
1837,33.921,134.551,-9999,那賀川,加茂谷
1838,33.854,134.285,-9999,坂州木頭川,名古ノ瀬
1839,34.078,134.581,3423,吉野川,沖ノ洲
1840,34.108,134.446,-9999,吉野川,第十
1841,34.089,134.387,-9999,吉野川,西条大橋
1842,34.088,134.346,-9999,吉野川,中央橋
1843,34.072,134.237,-9999,吉野川,瀬詰
1844,34.024,134.224,8,奥野井谷川,大内
1845,34.065,134.194,-9999,吉野川,岩津（無堤）
1846,34.044,134.051,-9999,吉野川,中藪
1847,34.034,133.969,-9999,吉野川,江口
1848,34.033,133.842,-9999,吉野川,池田（無堤）
1849,33.89,133.816,225.6,祖谷川,祖谷
1850,33.862,133.78,1079,吉野川,大歩危
1851,33.789,133.737,-9999,吉野川,豊永
1852,34.138,134.473,-9999,旧吉野川,大寺橋（廃止）
1853,34.11,134.448,-9999,旧吉野川,旧吉野川
1854,34.124,134.438,-9999,宮川内谷川,矢武大橋
1855,34.093,134.386,0,吉野川,一条南橋（廃止）
1857,34.14,134.47,-9999,旧吉野川,大寺橋
1858,34.099,134.424,-9999,吉野川,高瀬橋
1859,34.037,134.158,181,穴吹川,天神橋
1860,34.023,134.065,130.3,貞光川,貞光
1861,34.03,134.031,51.9,半田川,田井
1862,33.911,133.505,-9999,銅山川,豊坂
1863,33.794,133.757,-9999,南小川,南小川
1864,33.783,133.698,-9999,穴内川,穴内川
1865,33.78,133.663,-9999,立川川,立川川
1866,34.287,133.813,136.5,土器川,丸亀橋
1867,34.198,133.842,106.7,土器川,祓川橋
1868,34.174,133.889,90,土器川,常包橋
1869,34.164,133.926,72.1,土器川,御用橋
1870,34.151,133.948,59.6,土器川,天川
1871,34.117,133.972,37.7,土器川,明神
1872,34.186,133.877,99,土器川,大川（取水口）
1873,34.184,133.88,98.3,土器川,大川（本川）
1874,34.131,134.004,9.4,前の川,前の川上流
1875,34.264,133.831,120.9,土器川,高柳橋
1876,33.554,130.733,42,遠賀川,大隈
1877,33.661,130.689,292,遠賀川,川島
1878,33.74,130.73,366,遠賀川,勘六橋
1879,33.75,130.732,695,遠賀川,日の出橋
1880,33.792,130.711,887,遠賀川,唐熊
1881,33.816,130.707,925,遠賀川,中間
1882,33.619,130.675,113,穂波川,秋松橋
1883,33.569,130.852,76,彦山川,添田
1884,33.649,130.812,127,彦山川,伊田
1885,33.699,130.772,309,彦山川,赤池
1886,33.733,130.733,326,彦山川,中島
1887,33.666,130.812,47,金辺川,夏吉
1888,33.631,130.793,72,中元寺川,春日橋
1889,33.724,130.673,123,犬鳴川,宮田橋
1890,33.723,130.664,46,八木山川,生見
1891,33.783,130.733,8,笹尾川,野面
1892,33.799,130.726,13,黒川,石園
1893,33.811,130.673,31,西川,木月
1894,33.891,130.674,59,西川,祇園橋
1895,33.268,129.963,91,松浦川,桃の川橋
1896,33.3,129.967,120,松浦川,川西橋
1897,33.348,129.993,150,松浦川,和田山橋
1898,33.366,130.004,275,松浦川,牟田部
1899,33.41,129.984,398.8,松浦川,養母田
1900,33.447,129.986,434,松浦川,松浦橋
1901,33.312,130.073,38.5,厳木川,中島橋
1902,33.351,130.013,93,厳木川,浦の川橋
1903,33.37,129.948,-9999,徳須恵川,上徳須恵
1904,33.376,129.953,71,徳須恵川,徳須恵橋
1905,33.34,130.111,-9999,厳木川,野々平
1906,33.325,130.096,-9999,厳木川,観音橋
1907,32.908,130.026,8.91,富川,富川
1908,32.895,130.025,17.5,本明川,琴川橋
1909,32.852,130.045,35.8,本明川,裏山
1910,32.835,130.065,87,半造川,埋津
1911,32.836,130.074,18.5,半造川,半造橋
1912,32.859,130.086,86,本明川,不知火
1913,32.851,130.055,3.7,福田川,福田
1914,33.172,130.039,28.1,六角川,溝ノ上
1915,33.175,130.048,32.3,六角川,潮見橋
1916,33.185,130.049,-9999,六角川,大日堰
1917,33.214,130.074,93.2,六角川,新橋
1918,33.196,130.141,146,六角川,六角橋
1919,33.203,130.188,146,六角川,河口堰
1920,33.201,130.197,333.5,六角川,住ノ江橋
1921,33.193,130.02,-9999,武雄川,武雄川
1922,33.262,130.085,26.7,牛津川,浦町橋
1923,33.276,130.148,95,牛津川,妙見橋
1924,33.246,130.195,121,牛津川,砥川大橋
1925,33.263,130.189,-9999,晴気川,晴気川
1926,33.331,130.268,225.5,嘉瀬川,川上
1927,33.278,130.254,230.9,嘉瀬川,池森
1928,33.246,130.244,253.8,嘉瀬川,徳万
1929,33.224,130.253,254.5,嘉瀬川,久保田
1930,33.304,130.204,18.1,祗園川,祇園
1931,33.271,130.235,20.5,祗園川,深町
1932,33.28,130.281,-9999,多布施川,植木
1933,33.369,130.207,-9999,嘉瀬川,宮ノ渕
1934,33.439,130.205,-9999,神水川,中原
1935,33.251,130.971,532.8,筑後川,小平
1936,33.306,130.943,1125,筑後川,小渕
1937,33.313,130.931,1176,筑後川,隈
1938,33.346,130.832,1443,筑後川,荒瀬
1939,33.364,130.753,1566,筑後川,恵蘇ノ宿
1940,33.353,130.632,1812,筑後川,片ノ瀬
1941,33.319,130.494,2295,筑後川,瀬ノ下
1942,33.216,130.365,2878,筑後川,若津
1943,33.298,130.964,540.5,玖珠川,小ヶ瀬
1944,33.33,130.934,130.2,花月川,花月
1945,33.342,130.789,68,隈上川,西隈ノ上
1946,33.381,130.661,98,佐田川,金丸橋
1947,33.381,130.634,78,小石原川,栄田橋
1948,33.343,130.691,50,巨瀬川,中央橋
1949,33.377,130.551,167,宝満川,端間
1950,33.313,130.367,50.8,城原川,日出来橋
1951,33.319,130.387,29.6,田手川,田手橋
1952,33.356,130.362,-9999,城原川,仁比山
1953,33.259,130.374,-9999,城原川,柴尾橋
1954,33.291,130.319,-9999,巨勢川,東渕
1955,33.295,130.314,-9999,巨勢川,東名
1956,33.298,130.303,-9999,黒川,廿橋
1957,33.184,131.033,286,筑後川,杖立
1958,33.23,130.983,512.5,筑後川,小五馬
1959,33.275,130.954,579,筑後川,千丈
1960,33.134,130.942,63,津江川,栃野
1961,33.11,130.961,39,川原川,川原
1962,33.118,130.969,39,上野田川,上野田
1963,33.277,131.118,-9999,玖珠川,竹中
1964,33.183,130.505,460,矢部川,船小屋
1965,33.121,130.439,499,矢部川,浦島橋
1966,33.12,130.473,43,飯江川,安手橋
1967,32.956,130.793,152,菊池川,広瀬
1968,32.98,130.735,331.7,菊池川,中富
1969,32.993,130.72,554,菊池川,分田
1970,33.011,130.687,586,菊池川,山鹿
1971,33.024,130.624,767.1,菊池川,菰田
1972,32.938,130.583,906,菊池川,玉名
1973,32.894,130.536,995,菊池川,滑石
1974,32.919,130.461,-9999,菊池川,長洲
1975,32.986,130.807,44,迫間川,隈府
1976,32.933,130.733,156,合志川,佐野
1977,32.971,130.727,203.8,合志川,芦原
1978,33.041,130.678,109.8,岩野川,城
1979,32.938,130.562,18.2,繁根木川,岩崎
1980,32.978,130.745,87.9,上内田川,袋田
1981,32.972,130.754,69.4,迫間川,高田（廃止）
1982,33.07,130.862,9.6,迫間川,穴川
1983,33.058,130.873,6.2,鳳来川,鳳来
1984,32.988,130.828,-9999,菊池川,築地堰NO１
1985,32.988,130.828,-9999,菊池川,築地堰NO２
1986,32.859,130.874,425,白川,陣内
1987,32.811,130.721,475,白川,子飼橋
1988,32.798,130.712,470.6,白川,銀座橋
1989,32.796,130.707,477,白川,代継橋
1990,32.775,130.636,480,白川,小島
1991,32.85,131.007,149,白川,妙見橋
1992,32.874,130.959,386,白川,立野
1993,32.642,130.834,581,緑川,上揚
1994,32.645,130.807,519,緑川,中甲橋
1995,32.735,130.739,681,緑川,城南
1996,32.718,130.608,1100,緑川,網津
1997,32.72,130.874,63.2,御船川,川鴫橋
1998,32.701,130.825,115.5,御船川,横野
1999,32.712,130.797,120,御船川,御船
2000,32.759,130.753,220,加勢川,大六橋
2001,32.721,130.677,62.4,浜戸川,富合
2002,32.638,130.983,302,緑川,津留
2003,32.269,130.941,250,球磨川,多良木
2004,32.243,130.873,435,球磨川,深田
2005,32.211,130.819,485,球磨川,一武
2006,32.213,130.767,1137,球磨川,人吉
2007,32.24,130.686,1464,球磨川,渡
2008,32.29,130.605,1601,球磨川,大野
2009,32.462,130.656,1856,球磨川,横石
2010,32.501,130.622,1873,球磨川,萩原
2011,32.495,130.601,1875.8,球磨川,柳橋
2012,32.477,130.571,1877,球磨川,金剛
2013,32.502,130.598,1876.45,前川,前川
2014,32.442,130.857,227,川辺川,五木宮園
2015,32.305,130.846,491,川辺川,四浦
2016,32.224,130.794,530,川辺川,柳瀬
2017,32.059,130.781,227,川内川,上真幸
2018,32.051,130.764,246,川内川,真幸
2019,32.012,130.742,284,川内川,吉松
2020,31.953,130.716,339,川内川,栗野橋
2021,31.986,130.665,390,川内川,湯之尾
2022,32.006,130.629,428,川内川,荒田
2023,31.937,130.467,883,川内川,湯田
2024,31.909,130.454,1032,川内川,宮之城
2025,31.856,130.389,1153,川内川,倉野橋
2026,31.863,130.336,1348,川内川,斧渕
2027,31.823,130.311,1425,川内川,川内
2028,32.032,130.615,245,羽月川,花北
2029,32.016,130.599,720,川内川,鈴之瀬
2030,31.398,130.856,46,肝属川,王子橋
2031,31.384,130.853,49,肝属川,朝日橋
2032,31.365,130.883,-9999,肝属川,大正橋
2033,31.356,130.902,-9999,肝属川,馬込橋
2034,31.362,130.947,244,肝属川,高良橋
2035,31.361,130.974,450,肝属川,俣瀬
2036,31.357,131.013,485,肝属川,波見
2037,31.378,130.85,10.2,下谷川,鉄道橋
2038,31.374,130.858,15.6,下谷川,田崎大橋
2039,31.344,130.902,62,姶良川,姶良橋
2040,31.298,130.958,34,高山川,川添下橋
2041,31.347,130.944,54,高山川,高山橋
2042,31.392,130.961,120,串良川,豊栄
2043,31.72,131.052,160,大淀川,岳下
2044,31.767,131.066,359,大淀川,乙房
2045,31.784,131.077,512,大淀川,広瀬
2046,31.808,131.117,598,大淀川,王子橋
2047,31.86,131.113,861,大淀川,樋渡
2048,31.955,131.301,1564,大淀川,高岡
2049,31.955,131.399,2126,大淀川,柏田
2050,31.907,131.421,2174.9,大淀川,宮崎
2051,31.891,131.45,2176,大淀川,姥ヶ島
2052,31.994,131.246,143.4,本庄川,綾南橋
2053,31.984,131.319,381,本庄川,嵐田
2054,31.96,131.373,505.3,本庄川,柳瀬
2055,32.003,131.269,216,綾北川,入野橋
2056,31.989,131.353,101,深年川,太田原
2057,32.163,131.474,396.3,小丸川,高城
2058,32.139,131.516,433,小丸川,小丸大橋
2059,32.13,131.525,437.8,小丸川,御屋敷
2060,32.121,131.509,20,宮田川,欄干橋
2061,32.604,131.47,878,五ヶ瀬川,巳
2062,32.563,131.619,1044,五ヶ瀬川,三輪
2063,32.582,131.639,1072,五ヶ瀬川,松山
2064,32.579,131.666,1053,大瀬川,三ツ瀬
2065,32.582,131.697,1088,大瀬川,鷺島
2066,32.61,131.631,124,祝子川,佐野
2067,32.6,131.677,137,祝子川,祝子
2068,32.684,131.696,519,北川,熊田
2069,32.671,131.704,519,北川,長井
2070,32.949,131.771,102,番匠川,小川橋
2071,32.961,131.816,207,番匠川,白山
2072,32.957,131.846,278,番匠川,番匠橋
2073,32.953,131.885,310,番匠川,長瀬橋
2074,32.963,131.929,464,番匠川,灘
2075,32.912,131.796,71,久留須川,間庭橋
2076,32.976,131.847,63,井崎川,蕨野橋
2077,32.928,131.876,87,堅田川,堅田橋
2078,33.074,131.636,1239,大野川,犬飼
2079,33.162,131.649,1381,大野川,白滝橋
2080,33.194,131.682,1421,大野川,大津留
2081,33.262,131.701,1434,大野川,家島
2082,33.238,131.7,1432,大野川,鶴崎橋
2083,33.255,131.674,25,乙津川,海原
2084,33.169,131.639,16.2,判田川,昆布刈橋
2085,33.195,131.512,412,大分川,同尻
2086,33.205,131.587,494,大分川,明磧橋
2087,33.202,131.605,601,大分川,府内大橋
2088,33.216,131.615,625,大分川,広瀬橋
2089,33.248,131.621,650,大分川,弁天島
2090,33.215,131.55,53,賀来川,宮苑
2091,33.178,131.554,93,七瀬川,胡麻鶴
2092,33.134,131.504,39,七瀬川,原村
2093,33.429,131.098,143,山国川,下郷
2094,33.449,131.117,294,山国川,柿坂
2095,33.493,131.171,437,山国川,上曽木
2096,33.516,131.168,464,山国川,新原井
2097,33.57,131.182,483,山国川,下唐原
2098,33.598,131.179,534,山国川,金谷
2099,33.616,131.186,535,山国川,小祝
2100,33.608,131.188,0,中津川,北門橋
2101,33.414,131.158,34,山移川,馬場
2102,33.864,135.855,778,北山川,久重
2103,26.581,128.113,7.1,有津川,有津（廃止）
2104,26.577,128.045,4,大浦川,大浦（廃止）
2105,38.124,139.924,-9999,置賜野川,合地沢
2106,38.095,139.981,-9999,置賜野川,平山